-- phpMyAdmin SQL Dump
-- version 5.2.1
-- https://www.phpmyadmin.net/
--
-- Host: 127.0.0.1
-- Gegenereerd op: 01 jul 2024 om 10:29
-- Serverversie: 10.4.32-MariaDB
-- PHP-versie: 8.2.12

SET SQL_MODE = "NO_AUTO_VALUE_ON_ZERO";
START TRANSACTION;
SET time_zone = "+00:00";


/*!40101 SET @OLD_CHARACTER_SET_CLIENT=@@CHARACTER_SET_CLIENT */;
/*!40101 SET @OLD_CHARACTER_SET_RESULTS=@@CHARACTER_SET_RESULTS */;
/*!40101 SET @OLD_COLLATION_CONNECTION=@@COLLATION_CONNECTION */;
/*!40101 SET NAMES utf8mb4 */;

--
-- Database: `moviedb`
--

-- --------------------------------------------------------

--
-- Tabelstructuur voor tabel `favorites`
--

CREATE TABLE `favorites` (
  `user_id` int(11) NOT NULL,
  `movie_id` int(11) NOT NULL
) ENGINE=InnoDB DEFAULT CHARSET=utf8mb4 COLLATE=utf8mb4_general_ci;

--
-- Gegevens worden geëxporteerd voor tabel `favorites`
--

INSERT INTO `favorites` (`user_id`, `movie_id`) VALUES
(1, 376271),
(1, 376272),
(1, 376273),
(1, 376274);

-- --------------------------------------------------------

--
-- Tabelstructuur voor tabel `genres`
--

CREATE TABLE `genres` (
  `id` int(11) NOT NULL,
  `genre` varchar(255) NOT NULL
) ENGINE=InnoDB DEFAULT CHARSET=utf8mb4 COLLATE=utf8mb4_general_ci;

--
-- Gegevens worden geëxporteerd voor tabel `genres`
--

INSERT INTO `genres` (`id`, `genre`) VALUES
(1, 'Drama'),
(2, 'Unknown'),
(3, 'Comedy'),
(4, 'Documentary'),
(5, 'Game-Show'),
(6, 'Reality-TV'),
(7, 'Romance'),
(8, 'Family'),
(9, 'Musical'),
(10, 'Talk-Show'),
(11, 'Animation'),
(12, 'Sport'),
(13, 'Adventure'),
(14, 'Music'),
(15, 'History'),
(16, 'Mystery'),
(17, 'Short'),
(18, 'Crime'),
(19, 'Fantasy'),
(20, 'News'),
(21, 'Action'),
(22, 'Horror'),
(23, 'Adult'),
(24, 'Biography'),
(25, 'Thriller'),
(26, 'War'),
(27, 'Sci-Fi'),
(28, 'Western');

-- --------------------------------------------------------

--
-- Tabelstructuur voor tabel `movies`
--

CREATE TABLE `movies` (
  `id` int(11) NOT NULL,
  `movie_type` int(11) NOT NULL,
  `title` varchar(255) NOT NULL,
  `year` int(11) NOT NULL,
  `minutes` int(11) NOT NULL
) ENGINE=InnoDB DEFAULT CHARSET=utf8mb4 COLLATE=utf8mb4_general_ci;

--
-- Gegevens worden geëxporteerd voor tabel `movies`
--

INSERT INTO `movies` (`id`, `movie_type`, `title`, `year`, `minutes`) VALUES
(375282, 1, 'La comadre', 1981, 45),
(375283, 2, 'Comer es un placer', 1994, 45),
(375284, 2, 'ComiXspotlight', 2003, 0),
(375285, 2, 'Comme au cinéma', 1998, 120),
(375286, 2, 'Compuesta y sin novio', 1994, 50),
(375287, 2, 'Con otro acento', 1976, 50),
(375288, 2, 'Confianza ciega', 2002, 120),
(375289, 2, 'Crni Gruja', 2003, 35),
(375290, 2, 'The Crouches', 2003, 30),
(375291, 2, 'La cuaima', 2003, 90),
(375292, 2, 'Cyberclub', 1997, 120),
(375293, 2, 'Dancing in the Street', 1996, 60),
(375294, 2, 'De ahora en adelante', 1981, 50),
(375295, 2, 'De buena mañana', 2001, 180),
(375296, 2, 'De jueves a jueves', 1986, 120),
(375297, 2, 'De medio a medio', 2003, 0),
(375298, 2, 'Deathwatch: A Foot and Mouth Diary', 2002, 30),
(375299, 2, 'Decisión final', 2003, 60),
(375300, 2, 'Denise Austin: Daily Workout', 2003, 0),
(375301, 2, 'Dentro de un orden', 1983, 60),
(375302, 2, 'Disney parade', 1988, 0),
(375303, 2, 'Los domingos por Norma', 1992, 120),
(375304, 1, 'Doña Bárbara', 1974, 0),
(375305, 1, 'Sleeping with My Boss', 2003, 60),
(375306, 2, 'El día después', 1990, 120),
(375307, 2, 'El edén', 1987, 50),
(375308, 2, 'Efecto F', 1997, 120),
(375309, 2, 'En casa con Raffaella', 1995, 180),
(375310, 2, 'En la naturaleza', 1987, 50),
(375311, 2, 'Endurance UK', 1998, 30),
(375312, 2, 'Entre platos anda el juego', 1991, 30),
(375313, 2, 'Envy', 2002, 30),
(375314, 2, 'Oi ergenides', 1990, 30),
(375315, 2, 'La escalera mecánica', 2000, 120),
(375316, 2, 'La España de los Botejara', 1978, 50),
(375317, 2, 'Españoles en el Pacífico', 1980, 50),
(375318, 2, 'Espejo secreto', 1997, 100),
(375319, 2, 'Esta es mi historia', 2001, 50),
(375320, 2, 'Esta noche, sexo', 1995, 100),
(375321, 2, 'Esto es lo que hay', 1995, 50),
(375322, 2, 'Esto se anima', 1993, 60),
(375323, 2, 'Estress', 1991, 60),
(375324, 2, 'Estudio estadio', 1972, 120),
(375325, 2, 'Famosos y familia', 1999, 50),
(375326, 2, 'El flechazo', 1997, 60),
(375327, 2, 'Gaceta cultural', 1979, 30),
(375328, 2, 'Generación 800', 1985, 50),
(375329, 2, 'Gente de primera', 1993, 60),
(375330, 2, 'Gente joven', 1974, 50),
(375331, 2, 'El gladiador', 2002, 50),
(375332, 2, 'Goles son amores', 1992, 90),
(375333, 2, 'Good Morning, Mr. Doubleday', 1969, 30),
(375334, 2, 'El gordo', 1990, 50),
(375335, 2, 'Gracias por todo', 1997, 120),
(375336, 2, 'Grand Prix', 1995, 120),
(375337, 2, 'Violinist of Hameln', 1996, 25),
(375338, 2, 'Hablando se entiende la gente', 1990, 100),
(375339, 2, 'Happy House', 1999, 0),
(375340, 2, 'Hay una carta para ti', 2002, 120),
(375341, 2, 'History Detectives', 2003, 60),
(375342, 3, 'Hours of Light', 2004, 98),
(375343, 2, 'Hospital público', 2003, 60),
(375344, 2, 'Hoy por tí', 1996, 90),
(375345, 2, 'Humor cinco estrellas', 1991, 120),
(375346, 2, 'Im presionante', 1998, 60),
(375347, 2, 'El imperdible', 1997, 30),
(375348, 2, 'Imágenes', 1978, 50),
(375349, 1, 'In Between', 1987, 225),
(375350, 2, 'Interior Motives with Christopher Lowell', 1997, 60),
(375351, 2, 'Jagten på historien', 2001, 28),
(375352, 4, 'Jamaica, Haiti and the Lesser Antilles', 1964, 12),
(375353, 2, 'El jardín de Venus', 1983, 45),
(375354, 2, 'Jimanji kanana', 2003, 30),
(375355, 2, 'Joey', 2004, 22),
(375356, 2, 'Jeux sans frontières', 1965, 120),
(375357, 2, 'El juglar y la reina', 1978, 50),
(375358, 2, 'Juntos pero no revueltos', 1993, 30),
(375359, 2, 'Karaoke', 1994, 30),
(375360, 2, 'Karma Trekkers', 2004, 60),
(375361, 2, 'A Knapsack Full of Adventures', 1993, 25),
(375362, 2, 'Leo contra todos', 1983, 50),
(375363, 2, 'Letra pequeña', 1984, 50),
(375364, 2, 'La ley y la vida', 2000, 50),
(375365, 2, 'Leña al mono que es de goma', 1993, 120),
(375366, 2, 'Lingo', 1993, 30),
(375367, 2, 'Ljudi', 1996, 0),
(375368, 2, 'La llamada de la suerte', 1998, 50),
(375369, 2, 'Lo que necesitas es amor', 1993, 120),
(375370, 2, 'Maridos y mujeres', 1997, 100),
(375371, 2, 'El marqués de Sotoancho', 2000, 60),
(375372, 2, 'El martes que viene', 1990, 120),
(375373, 2, 'Mañana serán estrellas', 1993, 100),
(375374, 2, 'Las mañanas de Tele 5', 1993, 180),
(375375, 2, 'Mañanas de primera', 1996, 180),
(375376, 2, 'Mediterráneo', 1999, 60),
(375377, 2, 'Mi querida España', 1994, 120),
(375378, 2, 'Un Millán de cosas', 1998, 60),
(375379, 2, 'Mira 2', 1991, 60),
(375380, 2, 'Mira quien viene esta noche', 1997, 100),
(375381, 2, 'Mirador de los deportes', 1980, 60),
(375382, 2, 'Missie Warmoesstraat', 2004, 0),
(375383, 2, 'Mitomanía', 1995, 60),
(375384, 2, 'Moneyworld', 2000, 30),
(375385, 2, 'Movie Television', 1997, 23),
(375386, 2, 'Moynihan', 1976, 60),
(375387, 2, 'El mundo de la música', 1976, 50),
(375388, 2, 'El mundo en acción', 1973, 50),
(375389, 2, 'Un mundo para ellos', 1979, 50),
(375390, 2, 'New York Television Theatre', 1965, 0),
(375391, 2, 'Ninette y un señor de Murcia', 1984, 40),
(375392, 2, 'No te rías, que es peor', 1990, 30),
(375393, 2, 'No veas', 1997, 100),
(375394, 2, 'Nobody Likes a Smartass', 2003, 30),
(375395, 2, 'La noche de los castillos', 1995, 120),
(375396, 2, 'La noche por delante', 1998, 120),
(375397, 2, 'La noche se mueve', 1992, 100),
(375398, 2, 'Noche y día', 2001, 60),
(375399, 2, 'Las noches de tal y tal', 1991, 100),
(375400, 2, 'Nosolomúsica', 1999, 50),
(375401, 2, 'La palmera', 1988, 30),
(375402, 2, 'Para toda la vida', 1999, 90),
(375403, 2, 'Paralavate diorismon', 2002, 0),
(375404, 2, 'Una pareja feliz', 1994, 50),
(375405, 2, 'Un paseo por el tiempo', 1995, 60),
(375406, 1, 'Night Shepherds', 2002, 131),
(375407, 2, 'Un país maravilloso', 1999, 50),
(375408, 2, 'Pecadores', 2003, 60),
(375409, 2, 'El peor programa de la semana', 1993, 100),
(375410, 2, 'Plàstic', 1989, 50),
(375411, 2, 'Playmakers', 2003, 491),
(375412, 2, 'Pop que', 1984, 50),
(375413, 2, 'Por la mañana', 1987, 240),
(375414, 2, 'Primero izquierda', 1991, 60),
(375415, 2, 'Próximamente', 1982, 30),
(375416, 2, 'El puente', 1997, 120),
(375417, 2, 'Puerta con puerta', 1999, 60),
(375418, 2, 'Punto de encuentro', 1985, 50),
(375419, 2, 'Punto y aparte', 1985, 30),
(375420, 2, 'Queremos saber más', 2002, 105),
(375421, 2, 'Quién sabe dónde', 1992, 100),
(375422, 2, 'Qué loca peluquería', 1996, 30),
(375423, 2, 'El rayo', 2000, 50),
(375424, 2, 'Redacción', 1990, 25),
(375425, 2, 'Reina por un día', 1964, 50),
(375426, 2, 'Retrato en vivo', 1979, 50),
(375427, 2, 'Revista de cine', 1974, 60),
(375428, 2, 'Rompecocos', 1996, 30),
(375429, 2, 'La ronda', 1991, 50),
(375430, 2, 'Rub-a-Dub-Tub', 1983, 0),
(375431, 2, 'Rumore, rumore', 2001, 50),
(375432, 2, 'Ruta Quetzal', 1993, 50),
(375433, 2, 'Saber Amar', 2003, 0),
(375434, 2, 'Saber vivir', 1997, 90),
(375435, 2, 'Saber y ganar', 1997, 30),
(375436, 2, 'Los sabios', 1983, 50),
(375437, 2, 'Sabor a Lolas', 1992, 100),
(375438, 2, 'Sabés o sonás', 2003, 60),
(375439, 2, 'Sacrée soirée', 1987, 0),
(375440, 2, 'The Salon', 2003, 30),
(375441, 2, 'Sam Gets It All', 2002, 0),
(375442, 2, 'La segunda oportunidad', 1978, 10),
(375443, 2, 'La semana', 1974, 45),
(375444, 2, 'El semáforo', 1995, 120),
(375445, 2, 'The Seven Ages of Man', 1975, 30),
(375446, 2, '7de Laan', 2000, 30),
(375447, 2, 'El show de la una', 1992, 60),
(375448, 2, 'La silla', 2002, 50),
(375449, 2, 'Sin límites', 1998, 120),
(375450, 2, 'Sin vergüenza', 1992, 50),
(375451, 2, 'Sinceramente tuyo', 1994, 50),
(375452, 2, 'Sonrisas de España', 1996, 100),
(375453, 2, 'Sorpresa, ¡Sorpresa!', 1996, 180),
(375454, 2, 'The Spot', 2003, 0),
(375455, 2, 'Spymaster', 2004, 50),
(375456, 2, 'Squawk Box', 1994, 0),
(375457, 4, 'Star 34', 1954, 13),
(375458, 2, 'Studio Y', 1999, 0),
(375459, 2, 'Subasta de triunfos', 1971, 60),
(375460, 2, 'El supertren', 1991, 50),
(375461, 2, 'Surprise by Design', 2002, 60),
(375462, 2, 'Sábado noche', 1987, 120),
(375463, 2, 'El séptimo de caballería', 1998, 120),
(375464, 2, 'Sólo goles', 1994, 60),
(375465, 2, 'Sølyst: Livets gang i kolonihaven', 2000, 28),
(375466, 2, 'Takeshi\'s Castle', 1986, 47),
(375467, 2, 'Tal cual', 1993, 50),
(375468, 2, 'Tertulia con...', 1980, 90),
(375469, 2, 'Oi theio... sevoumenoi', 2000, 0),
(375470, 2, 'Ticket, tu pase a la música', 2003, 60),
(375471, 2, 'El tiempo es oro', 1987, 60),
(375472, 2, 'Todo en familia', 1999, 120),
(375473, 2, 'Todo por la pasta', 1993, 60),
(375474, 5, 'Todos a bordo', 1995, 50),
(375475, 2, 'Torneo', 1976, 50),
(375476, 2, 'El trampolín', 1994, 90),
(375477, 2, 'Trato hecho', 1999, 50),
(375478, 2, 'The Travel Show', 1998, 10),
(375479, 2, 'Las travesuras de Paquita', 1984, 30),
(375480, 2, 'El turista habitual', 1993, 50),
(375481, 2, 'Uno para todas', 1995, 120),
(375482, 2, 'Los unos y los otros', 1994, 90),
(375483, 2, 'Vagn i Arabien', 2000, 35),
(375484, 2, 'Vagn i Japan', 2002, 28),
(375485, 2, 'Vagn i Sverige', 1996, 28),
(375486, 2, 'Vamos que salimos', 2003, 120),
(375487, 2, 'Vaya nochecita', 1995, 120),
(375488, 2, 'Vecinos', 1994, 50),
(375489, 2, 'Veraneando', 1993, 120),
(375490, 2, 'Verano 3', 2003, 150),
(375491, 2, 'La vida es juego', 1992, 60),
(375492, 2, 'Stupid Movie of the Week', 2001, 90),
(375493, 2, 'Vip Guay', 1990, 50),
(375494, 2, 'Vreme televizije 2', 1995, 60),
(375495, 2, 'Walk on By: The Story of Popular Song', 2001, 49),
(375496, 2, 'War and Piste', 1998, 30),
(375497, 2, 'What Women Want', 2003, 30),
(375498, 2, 'When to Worry', 1987, 25),
(375499, 2, 'The World\'s Deadliest Gangs', 2004, 25),
(375500, 2, 'Ya sé que tienes novio', 1986, 30),
(375501, 2, 'Yo, una mujer', 1996, 50),
(375502, 2, 'Za gaman', 1984, 0),
(375503, 2, 'La Zulianita', 1977, 0),
(375504, 2, 'Hola Raffaella', 1992, 120),
(375505, 2, '¡Vaya peña!', 2001, 50),
(375506, 2, '¿De qué parte estás?', 1994, 100),
(375507, 2, '¿Por cuánto?', 2003, 60),
(375508, 2, 'What\'s the Bet?', 1993, 120),
(375509, 2, '¿Se puede?', 1993, 120),
(375510, 2, 'Él y ella', 2001, 0),
(375511, 4, '\'Tis Spring', 1933, 19),
(375512, 6, '100 Sexiest Artists', 2002, 0),
(375513, 4, '1000 Marys', 2001, 3),
(375514, 3, '12 B', 2001, 150),
(375515, 6, 'Born in the USSR: 14 Up', 1998, 75),
(375516, 7, 'The 1996 Fox Rock \'N Roll Skating Championships', 1996, 0),
(375517, 4, 'Home', 2003, 29),
(375518, 5, '24: Access All Areas', 2003, 60),
(375519, 3, '5000 Jahre Ägypten', 1954, 82),
(375520, 3, '60 Spins Around the Sun', 2003, 0),
(375521, 8, '7 the Hard Way 2', 2003, 137),
(375522, 4, '90 grados sur', 2002, 24),
(375524, 4, 'A través de la ventana', 1986, 5),
(375525, 6, 'Brigitte Bardot: Animal Attraction', 1991, 0),
(375526, 5, 'ABC des Lebens', 2003, 90),
(375527, 3, 'Adorables criminales', 1987, 95),
(375528, 5, 'Afrikas sorte guld', 1989, 0),
(375529, 3, 'AfterLife', 2003, 100),
(375530, 6, 'Born in the USSR: 7 Up', 1991, 50),
(375531, 3, 'Ageinsuto', 1981, 117),
(375533, 3, 'Agony of a Mother', 2002, 0),
(375534, 3, 'Aguas turbulentas', 2002, 0),
(375535, 8, 'Ahí viene Verónica', 1999, 84),
(375536, 3, 'Akai glass', 1966, 86),
(375537, 3, 'The Last Night', 1955, 110),
(375538, 3, 'Ako ang papatay', 1964, 0),
(375539, 8, 'Alcohol and Your Body: Assessing the Damage', 1997, 24),
(375540, 4, 'Alejandra y Laura', 2001, 12),
(375541, 4, 'Alex in Wonderland', 1940, 14),
(375542, 4, 'Algún refugio encontraré', 2001, 10),
(375543, 4, 'Alter ego', 2002, 8),
(375544, 3, 'Am Arsch der Welt. To have and to be', 1981, 80),
(375545, 4, 'Saltimbanques', 2006, 0),
(375546, 8, 'An Amazin\' Era', 1986, 0),
(375547, 3, 'Ameena', 1934, 0),
(375548, 8, 'American Bukkake 20', 2003, 70),
(375549, 5, 'Amouren', 1972, 110),
(375550, 4, 'An Assignment', 2003, 23),
(375551, 6, 'Die andere Eva', 2003, 89),
(375552, 5, 'Das unbezähmbare Herz', 2004, 180),
(375553, 3, 'L\'ennemi naturel', 2004, 97),
(375554, 5, 'Animal ER', 1996, 0),
(375555, 3, 'The Flower of the Lake', 1999, 90),
(375556, 3, 'AntiTrust: Edison v. Laemmle', 2002, 0),
(375557, 4, 'Fade Away', 2003, 5),
(375558, 4, 'Arden los juegos', 1985, 12),
(375559, 4, 'An Arizona Escapade', 1912, 0),
(375560, 3, 'Art Heist', 2004, 98),
(375561, 5, 'The Art and Vision of James Hubbell', 1989, 0),
(375562, 8, 'Out for Blood', 2004, 95),
(375563, 4, 'As, As in', 2003, 0),
(375564, 3, 'Ashanti', 2003, 0),
(375565, 3, 'Ashita no kôfuku', 1955, 0),
(375566, 3, 'Asiong Meets Alembong', 1962, 0),
(375567, 3, 'Asiong Salonga', 1961, 0),
(375568, 3, 'Astro Boy', 2009, 94),
(375569, 3, 'Atomic no obon: Surimasuwayo no maki', 1961, 73),
(375570, 4, 'Avatar', 2003, 9),
(375571, 3, 'Aayitha Ezhuthu', 2004, 160),
(375572, 8, 'Babes Abroad', 1999, 90),
(375573, 4, 'Baby Playing in Gutter', 1902, 0),
(375574, 4, 'Baby in a Rage', 1902, 0),
(375575, 4, 'A Bag of Gold', 1915, 0),
(375576, 4, 'Baggage', 2003, 7),
(375578, 3, 'Balat-sibuyas', 2003, 100),
(375579, 9, 'Baldur\'s Gate: Dark Alliance II', 2004, 0),
(375580, 5, 'Die Ballade von Schnuckenack Reinhardt', 1997, 78),
(375581, 4, 'The Bandit\'s Child', 1912, 0),
(375582, 3, 'At the Age of 18', 1973, 78),
(375583, 3, 'Banke Sanvaria', 1938, 0),
(375584, 3, 'Baril sa baril', 1961, 0),
(375585, 3, 'Barilan sa Pugad Lawin', 1963, 0),
(375586, 4, 'Barrio de la Cruz', 1987, 15),
(375587, 3, 'Basagulero', 1963, 0),
(375588, 3, 'Batas ng puso', 1958, 0),
(375589, 8, 'Battle Rhyme for Reel Time', 2003, 24),
(375590, 7, 'Battle of the Network Stars V', 1978, 0),
(375591, 7, 'Battle of the Network Stars VI', 1979, 0),
(375592, 7, 'Battle of the Network Stars X', 1981, 120),
(375593, 7, 'Battle of the Network Stars XIX', 1988, 0),
(375594, 7, 'Battle of the Network Stars XVII', 1984, 0),
(375595, 7, 'Battle of the Network Stars XVIII', 1985, 0),
(375596, 5, 'Beethoven\'s Symphony No. 8 Op. 93', 1993, 0),
(375597, 4, 'Beijo', 2003, 0),
(375598, 3, 'Berdugo ng mga maton', 1964, 0),
(375599, 9, 'Betrayal at Krondor', 1993, 0),
(375600, 4, 'Better Than Joe', 1998, 4),
(375601, 3, 'Bhalai', 1943, 0),
(375602, 8, 'Big Brother: Uncut, Unseen, Unreal', 2003, 0),
(375603, 8, 'Bigfoot and the Muscle Machines', 1985, 53),
(375604, 8, 'The Kids Who Saved Summer', 2004, 71),
(375605, 8, 'Bikyonyuu kosupure senshi: Kuinbii Hanii', 2001, 60),
(375606, 3, 'Bilgu', 1997, 97),
(375607, 4, 'Billy Bongo', 2003, 10),
(375608, 8, 'Billy Collins: On the Road with the Poet Laureate', 2003, 59),
(375609, 4, 'The Biter Bitten', 1912, 0),
(375611, 3, 'Black', 2005, 122),
(375612, 4, 'The Black Cat', 1995, 18),
(375613, 4, 'Black Rock Tunnel on the Rock Island Route', 1902, 0),
(375614, 5, 'Blandt tusind ansigter', 1990, 58),
(375615, 4, 'Blind', 2004, 0),
(375616, 8, 'Blind Eyes', 2003, 70),
(375617, 5, 'Bodybuilders', 2000, 0),
(375618, 4, 'Bokan', 1995, 30),
(375619, 3, 'The Little Hero', 1970, 0),
(375620, 8, 'Boob Talk', 2003, 120),
(375621, 4, 'Braca', 1995, 11),
(375622, 4, 'Wired to Win', 2005, 40),
(375623, 4, 'Bridget Bridges It', 1914, 11),
(375624, 7, 'The British Comedy Awards 2002', 2002, 105),
(375625, 5, 'Broby', 1978, 0),
(375626, 4, 'Broncho Billy and the Girl', 1912, 0),
(375627, 4, 'Broncho Billy and the Indian Maid', 1912, 0),
(375628, 4, 'Broncho Billy\'s Gratitude', 1912, 11),
(375629, 4, 'Broncho Billy\'s Narrow Escape', 1912, 14),
(375630, 5, 'The Brush-Off', 2004, 91),
(375631, 3, 'Bulbule Baghdad', 1932, 0),
(375632, 3, 'Bulbule Iran', 1936, 0),
(375633, 3, 'Bulbule Punjab', 1933, 0),
(375634, 4, 'Butterfly', 2003, 23),
(375636, 3, 'La calzonuda', 1987, 90),
(375637, 3, 'Candombe', 2001, 50),
(375638, 9, 'Capcom vs. SNK: Millennium Fight 2000', 2000, 0),
(375639, 4, 'Capdevila, vision multiple', 1987, 19),
(375640, 8, 'Carnets de voyage, Far West - le making of', 2003, 10),
(375641, 4, 'Carta de un sobrino', 1987, 30),
(375642, 4, 'The Cattle King\'s Daughter', 1911, 0),
(375643, 3, 'Cautiverio Feliz', 1998, 162),
(375644, 4, 'Cavalry Swimming Columbia River', 1902, 0),
(375645, 3, 'Celluloid Dreams', 2002, 47),
(375646, 3, 'El chacal', 1987, 90),
(375647, 4, 'A Chance Meeting', 2001, 20),
(375648, 3, 'Chand Saudagar', 1934, 0),
(375649, 3, 'The Changeling', 2002, 50),
(375650, 8, 'Changing Lanes: The Writer\'s Perspective', 2002, 5),
(375651, 3, 'Byways', 2004, 101),
(375652, 3, 'Chick Boy', 1994, 0),
(375653, 4, 'A Child of the Purple Sage', 1912, 0),
(375654, 4, 'A Child of the West', 1912, 0),
(375655, 3, 'El Chile no se raja', 1987, 100),
(375656, 3, 'Counter Attack 2', 2003, 0),
(375657, 3, 'Chronic Bachelor', 2003, 154),
(375658, 4, 'Chunga Chui Leopard Beware', 2001, 2),
(375659, 4, 'Ciencia nueva', 1987, 24),
(375660, 4, 'Cleanup on Aisle Five', 2003, 6),
(375661, 4, 'Cleveland Woods Last Day on Earth', 1996, 17),
(375662, 5, 'Cloaca', 2003, 108),
(375663, 3, 'A Closer Walk', 2003, 0),
(375664, 3, 'The Closet', 1966, 66),
(375665, 3, 'Coca mama, la guerra antidrogas', 2001, 52),
(375666, 3, 'The Cocktail Party', 2002, 0),
(375667, 4, 'Coffea Arábiga', 1968, 18),
(375668, 3, 'Coisas do Arco da Velha', 1973, 0),
(375669, 3, 'Colour of the Truth', 2003, 104),
(375670, 4, 'Compañeros', 2002, 8),
(375671, 3, 'Computer Girls', 2003, 0),
(375672, 4, 'Con la primavera en el bolsillo', 1985, 12),
(375673, 4, 'The Conspiracy at the Chateau', 1915, 0),
(375674, 4, 'Cookie Goes to the Hospital', 1980, 25),
(375675, 3, 'Cordillera', 1964, 0),
(375676, 4, 'Cosmovisión andina', 2001, 10),
(375677, 4, 'The Counter Intrigue', 1915, 0),
(375678, 5, 'The Cousin from Fiji', 1972, 165),
(375679, 3, 'Crash', 2004, 112),
(375680, 3, 'Cuatro cantos', 1960, 0),
(375681, 8, 'The Cult Film Legacy of Lynn Lowry', 2003, 14),
(375682, 4, 'Curiosity', 1912, 0),
(375683, 3, 'Dada au coeur', 1974, 100),
(375684, 4, 'Dajo', 2004, 9),
(375685, 3, 'Speeding Horse', 1989, 113),
(375686, 3, 'Mga daliring ginto', 1964, 0),
(375687, 4, 'Dancing Skeleton', 1902, 0),
(375688, 3, 'Love Song in a Peanut Shell', 1979, 102),
(375689, 4, 'The Date', 2002, 20),
(375690, 5, 'David Cassidy: Teenage Dream', 1998, 40),
(375691, 8, 'Day of the Reaper', 1984, 75),
(375692, 4, 'The DeCarmos', 1902, 0),
(375693, 3, 'Deadly Brothers', 1964, 0),
(375694, 5, 'Deadly Seas', 1998, 0),
(375695, 4, 'The Death Weight', 1913, 22),
(375696, 4, 'Defining Reason', 2003, 5),
(375697, 4, 'The Delicious', 2003, 16),
(375698, 3, 'Dentro la città', 2004, 0),
(375699, 4, 'The Deputy and the Girl', 1912, 0),
(375700, 4, 'Desde La Habana, 1969, recordar', 1969, 18),
(375701, 4, 'The Desert Sweetheart', 1912, 0),
(375702, 3, 'Desperate Man Blues', 2003, 52),
(375703, 3, 'Deulbyeongi', 1989, 111),
(375704, 4, 'The Devil\'s Signature', 1914, 0),
(375705, 3, 'Dhill', 2001, 158),
(375706, 8, 'Dialing for Dingbats', 1989, 0),
(375707, 8, 'Dialog över druvor', 2002, 0),
(375708, 3, 'Digmaan ng mga maton', 1962, 0),
(375709, 5, 'Diktatoria ton Syntagmatarhon', 1998, 0),
(375710, 4, 'Dios atiende en Buenos Aires', 2002, 24),
(375711, 7, 'Divas on Ice', 1999, 0),
(375712, 7, 'Divas on Ice', 2001, 0),
(375713, 7, 'Divas on Ice', 2003, 0),
(375714, 3, 'Dni lyotnye', 1966, 83),
(375715, 8, 'Do You Remember?: Fifteen Years of the Bouncing Souls', 2003, 100),
(375717, 5, 'Dollars & Sense', 1999, 27),
(375718, 5, 'Dolphy: A Diamond Life', 2003, 0),
(375719, 5, 'Don Juan in der Hölle', 1975, 0),
(375720, 5, 'Donogoo', 1971, 0),
(375721, 5, 'The Dooley Brothers', 1979, 30),
(375722, 4, 'Dora y yo', 1987, 15),
(375723, 5, 'Doktor Murkes gesammelte Nachrufe', 1965, 85),
(375724, 4, 'The Draped Model', 1902, 0),
(375725, 4, 'Duerme negrito', 2002, 16),
(375726, 4, 'Duvetman', 1997, 4),
(375727, 3, 'My Uncle from America', 1933, 88),
(375728, 4, 'Déjate llevar', 1998, 2),
(375729, 3, 'The Eareye Seeshears', 1991, 120),
(375730, 8, 'Eazy-E: The Life and Timez of Eric Wright', 2002, 0),
(375731, 8, 'El Chupacabra', 2003, 89),
(375732, 4, 'En un barrio viejo', 1963, 9),
(375733, 3, 'Encounter: The Killing', 2002, 150),
(375734, 3, 'Encuentro', 1964, 0),
(375735, 3, 'Enduring Love', 2004, 100),
(375736, 3, 'Ennaku 20 Unakku 18', 2003, 0),
(375737, 4, 'Entre el espanto y la ternura', 2002, 3),
(375738, 3, 'Entre vecinos te veas', 1987, 90),
(375739, 3, 'Escuelas rurales', 1960, 0),
(375740, 4, 'Eternal Gaze', 2003, 15),
(375741, 3, 'Eva na tretiya etazh', 1987, 95),
(375743, 8, 'Evil Elvis', 1999, 150),
(375744, 8, 'Exploring the Reef', 2003, 7),
(375745, 4, 'Expresión infantil', 1974, 8),
(375746, 4, 'Eyes That See Not', 1915, 0),
(375747, 4, 'Fade Out', 1977, 20),
(375748, 4, 'The Family Ford', 1930, 9),
(375749, 3, 'The Fantastic Palace', 1938, 0),
(375750, 2, 'Fast wia im richtigen Leben', 1979, 43),
(375751, 4, 'The Fastlane', 2002, 3),
(375752, 4, 'Feather Pimento', 2001, 5),
(375753, 3, 'La fille d\'Amérique', 1977, 92),
(375754, 5, 'Der Finger im Revolverlauf', 1985, 0),
(375755, 3, 'Fluff', 2003, 65),
(375756, 4, 'Fly', 2003, 0),
(375757, 8, 'Focus on Toes', 2003, 60),
(375758, 4, 'Folk', 2002, 32),
(375759, 4, 'For Food', 2003, 7),
(375760, 8, 'For the Love of Pussy 17: Lay Poupon', 2001, 0),
(375761, 3, 'Ford Transit', 2003, 80),
(375762, 4, 'The Foreman\'s Cousin', 1912, 0),
(375763, 5, 'Frag nach bei Casanova', 1975, 0),
(375764, 3, 'Frank Zappa: Phase II - The Big Note', 2002, 90),
(375765, 4, 'Frihedsmaskinen - hackere og nørder', 2003, 27),
(375766, 4, 'From the Ashes: Epilogue', 2002, 35),
(375767, 4, 'Fueye puro', 2002, 18),
(375768, 4, 'The Fur Store', 2003, 15),
(375769, 4, 'Gallardo Pérez, referí', 2002, 14),
(375770, 8, 'Garter Generations', 2003, 60),
(375771, 5, 'Gay Hollywood', 2003, 0),
(375772, 4, 'A Gentleman of Leisure', 1914, 0),
(375773, 3, 'I Will Stand Before You Again', 1981, 100),
(375774, 8, 'Ghost Trains of the Old West', 1995, 0),
(375775, 3, 'Gingerbreed', 1904, 120),
(375776, 3, 'Ginoong itim', 1963, 0),
(375777, 3, 'Mudcat of Ginza', 1960, 0),
(375778, 3, 'Crossroads', 1972, 90),
(375779, 5, 'Das Glück ihres Lebens', 2003, 86),
(375780, 3, 'Gol Nishan', 1936, 0),
(375781, 5, 'Goldhochzeit - 50 Jahre Ehe in Deutschland', 1995, 89),
(375782, 3, 'Gone, But Not Forgotten', 2003, 94),
(375783, 4, 'Grade 12 Queer', 2002, 5),
(375785, 3, 'Gray Matters', 2006, 96),
(375786, 8, 'The Great Ape Activity Tape', 1986, 30),
(375787, 4, 'The Great Ball Game', 2003, 6),
(375788, 4, 'The Grocery Bus', 2002, 9),
(375789, 8, 'Groove Squad', 2002, 80),
(375790, 4, 'Grotesque', 2003, 8),
(375791, 3, 'Gundaraj', 1995, 140),
(375792, 3, 'Marriage Story 2', 1994, 91),
(375793, 4, 'Génesis', 2001, 5),
(375794, 3, 'O Gênio do Sexo', 1978, 83),
(375795, 3, 'Hahamakin ang lahat', 1965, 0),
(375796, 3, 'Hamon sa bandila', 1965, 0),
(375797, 3, 'Until Heaven Calls', 1980, 95),
(375798, 3, 'Har Mana Har', 1972, 129),
(375799, 3, 'Hari ng mga maton', 1962, 0),
(375800, 4, 'Hasta cuando Dios diga ya no', 1987, 35),
(375801, 4, 'Heartbeat', 2003, 5),
(375802, 4, 'Hearts and Roses', 1915, 0),
(375803, 3, 'Heel Against the Head', 1999, 90),
(375804, 8, 'Heels & Hose 2', 2004, 0),
(375805, 3, 'Heer Ranjha', 1948, 0),
(375806, 4, 'Good Luck, Mr. Gorsky!', 2002, 4),
(375807, 5, 'Helvedesugen', 1973, 40),
(375808, 6, 'Henry Hamilton Graduate Ghost', 1984, 45),
(375809, 3, 'Herencia de sangre', 1987, 70),
(375810, 3, 'Ishimatsu: The One-Eyed Avenger', 1960, 83),
(375811, 3, 'Hip Hip Hurray', 1948, 0),
(375812, 5, 'Histoires autour de la folie', 1993, 208),
(375813, 5, 'Historia pewnej milosci', 1974, 52),
(375814, 5, 'History Undercover: One Hour Over Tokyo', 2001, 50),
(375815, 8, 'Hitler, Schindler and the Holocaust', 1994, 90),
(375816, 5, 'Hochwürden wird Papa', 2002, 90),
(375817, 5, 'Hollywood and the Muslim World', 2003, 51),
(375818, 3, 'Hombres de arena', 1987, 90),
(375819, 3, 'The Honeymooners', 2003, 90),
(375820, 3, 'Hotaru', 1989, 103),
(375821, 4, 'Hotel Rienne', 2002, 27),
(375822, 4, 'Hotel de inmigrantes', 2001, 10),
(375823, 4, 'How to Make Kimchi According to My Kun-Umma', 2003, 18),
(375824, 3, 'Human Touch', 2004, 102),
(375825, 4, 'I Owe You $10.00', 1912, 11),
(375826, 8, 'Identity Crisis: The Making of a Master', 2003, 12),
(375827, 3, 'If', 2000, 90),
(375828, 3, 'Ikiteiru Koheiji', 1957, 61),
(375829, 5, 'Im Herbst des Frühlings', 1980, 70),
(375830, 4, 'Im Labyrinth', 2003, 23),
(375831, 5, 'Im Warteraum Gottes', 1999, 65),
(375832, 8, 'In My Own Skin: The Complexity of Living as an Arab in America', 2001, 16),
(375833, 5, 'In Rehearsal and Performance: Valery Gergiev with the Rotterdam Philharmonic Orchestra', 1997, 0),
(375834, 4, 'In Transit', 1987, 15),
(375835, 4, 'In a Manicure Parlor', 1902, 0),
(375836, 4, 'The Indian and the Child', 1912, 0),
(375837, 4, 'Indiferencia al olvido', 2000, 42),
(375838, 4, 'Infini', 2002, 9),
(375839, 4, 'Innocent Dad', 1914, 0),
(375840, 6, 'Deception on His Mind', 2003, 90),
(375841, 4, 'Interior noche', 2002, 28),
(375842, 4, 'The Interrogation', 2002, 17),
(375843, 4, 'The Intrigue', 1912, 0),
(375844, 9, 'Inuyasha: A Feudal Fairy Tale', 2002, 0),
(375845, 3, 'Irangeles', 2003, 80),
(375846, 3, 'Irasshaimase', 1955, 0),
(375847, 4, 'Irene the Onion Eater\'s Daughter', 1914, 0),
(375848, 4, 'Irene\'s Busy Day', 1914, 0),
(375849, 3, 'Lost Season', 1971, 87),
(375850, 3, 'Istambay', 1963, 0),
(375851, 4, 'It Doesn\'t Pay', 1913, 11),
(375852, 4, 'It Happened at the Beach', 1913, 0),
(375853, 4, 'It Happened on Friday', 1915, 0),
(375854, 4, 'It Is the Law', 1922, 0),
(375855, 4, 'It Might Have Been Serious', 1915, 0),
(375856, 4, 'It\'s a Bird', 1919, 0),
(375857, 4, 'It\'s a Boy!', 1914, 0),
(375858, 4, 'Italian Friendship', 1912, 0),
(375859, 3, 'Ito ang Maynila', 1963, 0),
(375860, 4, 'J\'en bave...', 1980, 6),
(375861, 4, 'Le JT, petit opéra', 1997, 21),
(375862, 9, 'Jack Orlando', 1997, 0),
(375863, 4, 'The Jackals of a Great City', 1916, 0),
(375864, 4, 'Jacques the Wolf', 1913, 0),
(375865, 3, 'Jago Hua Savera', 1959, 94),
(375866, 4, 'The Jailbreaker', 1919, 0),
(375867, 4, 'Jailhouse Blues', 1927, 10),
(375868, 4, 'The Janitor\'s Son', 1914, 0),
(375869, 3, 'Japan lächelt wieder', 1957, 76),
(375870, 4, 'The Jaws of Steel', 1922, 0),
(375871, 4, 'Jazz Monkey', 1919, 0),
(375872, 3, 'Jeonwooga namgin hanmadi', 1979, 105),
(375873, 3, 'Vectormen: The Empire Attacks', 1999, 79),
(375874, 3, 'Jimmy\'s Reality', 1993, 0),
(375875, 3, 'The Tale of Jiro', 1955, 99),
(375876, 3, 'Joe Nazareno: Ang taxi driver', 1965, 0),
(375877, 8, 'Julia + Lena are t.A.T.u.', 2002, 24),
(375878, 3, 'Kaakha Kaakha', 2003, 153),
(375880, 3, 'Kaadhal Konden', 2003, 150),
(375881, 3, 'Kala Gulab', 1933, 0),
(375882, 3, 'Kala Jigar', 1939, 0),
(375883, 3, 'Kala Pahad', 1933, 0),
(375884, 3, 'Kala Swar', 1935, 0),
(375885, 4, 'Cold Shadows', 2004, 15),
(375886, 3, 'Kalyana Ramudu', 2003, 0),
(375887, 3, 'Kamaraj', 2004, 121),
(375888, 3, 'Kamome', 2000, 96),
(375889, 3, 'Kangalal Kaidhu Sei', 2004, 144),
(375890, 3, 'Kanoon', 1994, 104),
(375891, 3, 'Kapit sa patalim', 1962, 0),
(375892, 5, 'Kaukasisches Gastmahl', 1993, 90),
(375893, 4, 'Keep Healthy', 1924, 0),
(375894, 4, 'The Key', 1913, 0),
(375895, 4, 'The Good Soil', 2002, 15),
(375896, 4, 'Kid Bang', 2002, 0),
(375897, 3, 'Kilabot sa Daang Bakal', 1963, 0),
(375898, 8, 'The Killer Within Me', 2003, 80),
(375899, 6, 'Der Kindermörder Jürgen Bartsch', 2000, 45),
(375900, 3, 'The Invisible Hat', 1955, 100),
(375901, 3, 'Krishna Bhakta Bodana', 1944, 0),
(375902, 3, 'Krishnavtar', 1932, 0),
(375903, 3, 'Kung hindi ka susuko...!', 1963, 0),
(375904, 4, 'Lady Babbie', 1913, 0),
(375905, 3, 'Laheri Badmash', 1944, 0),
(375906, 3, 'Laheri Cameraman', 1944, 0),
(375907, 3, 'Laheri Jawan', 1935, 0),
(375908, 4, 'The Lamp Explodes', 1902, 0),
(375909, 3, 'Last Exit', 2003, 97),
(375910, 7, 'Last Night of the Proms: The 100th Season', 1994, 0),
(375911, 3, 'Guys and Balls', 2004, 106),
(375912, 3, 'Layer Cake', 2004, 105),
(375913, 4, 'The League of the Future', 1916, 0),
(375914, 4, 'The Leather Goods Lady', 1915, 0),
(375915, 4, 'Legerdemain Up-to-Date, or the Great Hermann Outdone', 1902, 0),
(375916, 2, 'Der Leutnant vom Schwanenkietz', 1974, 222),
(375917, 3, 'Levakat', 1987, 80),
(375918, 3, 'La ley del barrio', 1987, 93),
(375919, 3, 'Liberated', 2003, 104),
(375920, 3, 'The Libertine', 2004, 114),
(375921, 5, 'Die lieben Kinder', 1970, 90),
(375922, 5, 'Lilja 4 Real', 2003, 59),
(375923, 4, 'A Little Man', 1902, 0),
(375924, 4, 'The Little Upstart', 1915, 0),
(375925, 4, 'The Loafer\'s Mother', 1912, 0),
(375926, 9, 'Dreamfall: The Longest Journey', 2006, 0),
(375927, 4, 'The Loose Change of Chance', 1914, 0),
(375928, 4, 'Los del baile', 1965, 6),
(375929, 3, 'Losing a Highway', 2003, 52),
(375930, 3, 'Les loulous', 1976, 90),
(375931, 8, 'Love Is the Number of Keys', 2002, 28),
(375932, 4, 'The Love Route Via Pittman', 1914, 0),
(375933, 4, 'Love Takes', 2003, 10),
(375934, 3, 'Love Undercover 2: Love Mission', 2003, 100),
(375935, 4, 'Love\'s Magnet', 1914, 0),
(375936, 3, 'Una luz en la calle', 2002, 90),
(375937, 3, 'Lá Fora', 2004, 107),
(375938, 7, 'MTV Europe Music Awards 2002 Pre-Show', 2002, 0),
(375939, 6, 'I\'m a Neglected Girlfriend', 2003, 0),
(375940, 7, '2003 MTV Video Music Awards', 2003, 180),
(375941, 3, 'Die Macht liegt woanders', 1989, 53),
(375942, 4, 'Mad in Tokyo', 1997, 13),
(375943, 3, 'Age of Prostitution', 1990, 100),
(375944, 3, 'A Man Who Died Daily', 1981, 110),
(375945, 8, 'The Magic of Disguise', 2003, 5),
(375946, 3, 'Magokoro sensei no maki', 1953, 92),
(375947, 4, 'A Maid by Proxy', 1915, 0),
(375948, 3, 'The Incident of Life', 1955, 95),
(375949, 4, 'Making Him Over -- For Minnie', 1914, 0),
(375950, 8, 'The Making of \'Changing Lanes\'', 2002, 15),
(375951, 4, 'The Man from Venus', 2000, 0),
(375952, 4, 'De man in de linnenkast', 2003, 10),
(375953, 8, 'Man of a Thousand Faces', 2003, 8),
(375954, 4, 'Manners and the Man', 1915, 0),
(375955, 4, 'A Mansion of Tragedy', 1915, 0),
(375956, 4, 'Marco at Work', 1997, 10),
(375957, 4, 'Más allá de la montaña', 1987, 33),
(375958, 3, 'Masamang ugat', 2003, 100),
(375959, 3, 'Maskulado', 1965, 0),
(375960, 3, 'Matandang tinale', 1958, 0),
(375961, 3, 'Los mayates atacan', 1987, 90),
(375962, 4, 'Meant to Be', 2003, 9),
(375963, 5, 'Med i ræset', 1975, 28),
(375964, 8, 'Mehr Lustgewinn in der Ehe', 2001, 120),
(375965, 3, 'Mekura ôkami', 1955, 101),
(375966, 5, 'Men Will Be Boys', 1990, 0),
(375967, 3, 'My Village', 1942, 0),
(375968, 4, 'Le meurtre du père', 1968, 0),
(375969, 4, 'Mex-Metr', 1987, 10),
(375970, 8, 'Mighty Sanitation Machines', 1996, 36),
(375971, 3, 'Mizuiro no waltz', 1952, 0),
(375972, 5, 'El Mikado', 1987, 139),
(375973, 4, 'Milking Time on the Farm', 1902, 0),
(375974, 5, 'Minna von Barnhelm', 1976, 115),
(375975, 3, 'All My Children', 1963, 93),
(375976, 3, 'La mirada violeta', 2004, 110),
(375977, 4, 'Mischievous Willie\'s Rocking Chair Motor', 1902, 0),
(375978, 3, 'El misionero', 2001, 50),
(375979, 8, 'Miss Liberty', 1996, 90),
(375980, 3, 'Miss Manorama', 1935, 90),
(375981, 3, 'Mokra pustolovina', 1918, 0),
(375982, 3, 'Mom Mom Loves Herbert', 1997, 71),
(375983, 8, 'Money Hunt: The Mystery of the Missing Link', 1984, 44),
(375984, 4, 'Monkey Stuff', 1919, 0),
(375985, 4, 'Morning Glory', 1992, 0),
(375986, 5, 'Mother Teresa', 2003, 110),
(375987, 4, 'Mother Tongue', 2003, 6),
(375988, 3, 'Musume zakari', 1969, 0),
(375989, 5, 'My Hong Kong', 2003, 26),
(375990, 4, 'The Mystery of the Silent Death', 1915, 0),
(375991, 4, 'Méfiez-vous des apparences', 2001, 5),
(375992, 3, 'Naag Panchami', 1953, 0),
(375993, 5, 'Nachts, wenn der Tag beginnt', 2003, 88),
(375994, 3, 'My Love Jjang-gu', 1985, 95),
(375995, 3, 'Nag-uumpugang bato', 1961, 0),
(375996, 5, 'A nagy ékszerész', 1980, 69),
(375997, 3, 'Nandha', 2001, 165),
(375998, 3, 'Nav Bharat', 1933, 0),
(375999, 3, 'Me, Myself, and I', 1973, 90),
(376000, 4, 'The Negro Zone', 2003, 30),
(376001, 3, 'Netsuai sha', 1961, 0),
(376002, 4, 'Never Let Go', 1922, 0),
(376003, 3, 'New', 2004, 200),
(376004, 4, 'The New Pillow Fight', 1902, 0),
(376005, 5, 'Niels Bohr: Da videnskaben mistede uskylden', 1985, 0),
(376006, 3, 'Book of Love', 2004, 83),
(376007, 3, 'Nina\'s Tragedies', 2003, 110),
(376008, 9, 'Ninja: Shadow of Darkness', 1998, 0),
(376009, 4, 'No Liberties, Please', 1902, 0),
(376010, 4, 'No me jodas que tú no lo haces', 1996, 0),
(376011, 3, 'Noshtna tarifa', 1987, 51),
(376012, 4, 'Nosotros en el Cuyaguateje', 1972, 10),
(376013, 5, 'Novaks Ultimatum', 2003, 97),
(376014, 4, 'Nude', 2003, 15),
(376015, 4, 'Nuts', 2003, 5),
(376016, 4, 'The Oath of His Office', 1912, 0),
(376017, 4, 'Ociel del Toa', 1965, 17),
(376018, 3, 'Oh! Brothers', 2003, 110),
(376019, 4, 'Un ojo en la ruta', 1993, 5),
(376020, 4, 'The Old Fools', 2002, 6),
(376021, 4, 'Old Mother Hubbard', 1902, 0),
(376022, 4, 'On El Monte Ranch', 1912, 0),
(376023, 4, 'On a Milk Diet', 1902, 0),
(376024, 4, 'On the Cactus Trail', 1912, 0),
(376025, 4, 'On the Dawn Road', 1915, 0),
(376026, 6, 'The British Hero', 1973, 0),
(376027, 3, 'The Shogunate\'s Harem', 1986, 115),
(376028, 4, 'An Opal Ring', 1915, 0),
(376029, 5, 'The Archives', 2003, 85),
(376030, 3, 'Oshidori no mon', 1956, 0),
(376031, 5, 'La otra cara', 2002, 95),
(376032, 4, 'Otra manera de hablar', 1987, 35),
(376033, 4, 'Over the Rail', 1902, 0),
(376034, 9, 'OverBlood', 1996, 0),
(376035, 3, 'Oy farfara farfara', 1961, 0),
(376036, 8, 'P.A.C.T. - Dire la maladie', 1998, 25),
(376037, 8, 'P.A.C.T. - Vivre avec la maladie', 1998, 30),
(376038, 8, 'P.A.C.T. - Vivre avec son traitement', 1998, 25),
(376039, 3, 'My Child, I Didn\'t Sin', 1964, 80),
(376040, 4, 'Paisagens Intermédias', 2002, 12),
(376041, 3, 'Los palikeros', 1963, 0),
(376042, 5, 'The Palladium: Where Mambo Was King', 2002, 0),
(376043, 3, 'Pambato', 1964, 0),
(376044, 3, 'Pandilla sanguinaria', 1987, 90),
(376045, 3, 'La pandilla sin rostro', 1987, 90),
(376046, 3, 'Panginoon ng pantalan', 1964, 0),
(376047, 4, 'Panic Year', 2002, 1),
(376048, 4, 'Panorama of Lower New York', 1902, 0),
(376049, 4, 'Panorama of St. Pierre', 1902, 0),
(376050, 4, 'Panorama, Descending Mt. Blanc', 1902, 0),
(376051, 4, 'Panoramic View of the Alps, Switzerland', 1902, 0),
(376052, 3, 'Pantalan Trece', 1961, 0),
(376053, 8, 'Pantyhose Erotica 2', 2004, 0),
(376054, 8, 'Pantyhose Sensations', 2003, 60),
(376055, 5, 'Les papiers d\'Aspern', 1971, 0),
(376056, 4, 'La parabólica', 1996, 18),
(376057, 3, 'Paradise Is a Personal Matter', 2001, 90),
(376058, 1, 'Parasite Dolls', 2003, 85),
(376059, 3, 'Patapon', 1963, 0),
(376060, 3, 'Patilata na Spas i Nely', 1987, 70),
(376061, 3, 'Pattalam', 2003, 159),
(376062, 3, 'Los pellejos de mi compadre', 1987, 90),
(376063, 5, 'Penderecki Conducts Penderecki', 1995, 0),
(376064, 5, 'Penderecki\'s Quartet for Clarinet and Strings', 1995, 0),
(376065, 5, 'Penguins Behind Bars', 2003, 22),
(376066, 3, 'Pepeng Pingas (Ang Batang San Nicolas)', 1965, 0),
(376068, 3, 'Persien - Blickpunkt der Welt', 1952, 69),
(376069, 5, 'Pete Rose on Trial', 2003, 240),
(376070, 6, 'Mord im Zoo', 2003, 0),
(376071, 3, 'Phandebaaz', 1978, 150),
(376072, 4, 'The Photographer\'s Fourth of July', 1902, 0),
(376073, 2, 'Piccolo slam', 1978, 0),
(376074, 4, 'A Picture from \'Puck\'', 1902, 0),
(376075, 4, 'A Pirate Bold', 1917, 0),
(376076, 3, 'Pithamagan', 2003, 139),
(376077, 4, 'Plain Grit', 1922, 0),
(376078, 8, 'Planet of the Erotic Ape', 2002, 68),
(376079, 3, 'The Planet', 2001, 50),
(376080, 3, 'Platform', 1993, 150),
(376081, 8, 'Play Dead', 1998, 0),
(376082, 4, 'Plumber', 2003, 5),
(376083, 3, 'Polygamy 2: The Final Clash', 2002, 67),
(376084, 4, 'Por un nuevo cine un nuevo país', 2001, 30),
(376085, 5, 'Portræt af en pige', 1973, 0),
(376086, 4, 'Post Mark Lick', 2003, 4),
(376087, 5, 'Pozarowisko', 1969, 29),
(376088, 8, 'Pralle Lederhosen - Bulging Bavarians', 1997, 83),
(376089, 4, 'Pretty Dead Girl', 2004, 25),
(376090, 5, 'Princess Ida', 2003, 0),
(376091, 4, 'Professional Jealousy', 1913, 0),
(376092, 4, 'A Prohibition Monkey', 1920, 0),
(376093, 4, 'The Prospector\'s Legacy', 1912, 0),
(376094, 5, 'The Protectors', 1981, 0),
(376095, 8, 'Psycho Scarecrow', 1996, 90),
(376096, 3, 'Ptitsy nashikh nadezhd', 1976, 77),
(376097, 3, 'Pulong diablo', 1963, 0),
(376098, 8, 'Punk Vacation', 1990, 88),
(376099, 4, 'Pâques au tison', 2001, 30),
(376100, 5, 'På grænsen til liv', 1990, 40),
(376101, 3, 'Quadrum', 2003, 85),
(376102, 4, 'Que será, será', 2002, 14),
(376104, 5, 'Quisling - i Nansens skygge', 2002, 140),
(376105, 3, 'Racing Stripes', 2005, 102),
(376106, 4, 'Rag Time Dance', 1902, 0),
(376107, 4, 'Rag Time Dance (Hot)', 1902, 0),
(376108, 3, 'Rebound', 2005, 86),
(376109, 9, 'Raiders of the Lost Ark', 1981, 0),
(376110, 4, 'Ramona', 1987, 4),
(376111, 4, 'The Ranch Girl\'s Mistake', 1912, 0),
(376112, 3, 'Ranchandi', 1935, 0),
(376113, 3, 'Rangile Dost', 1944, 0),
(376114, 3, 'Space Patrol Orion', 2003, 90),
(376115, 3, 'La raíz del viento', 2002, 47),
(376116, 4, 'La rebelión', 1987, 28),
(376117, 4, 'Reportaje', 1966, 9),
(376118, 8, 'Restraint That\'s Rare', 2003, 40),
(376119, 3, 'Retirement Rehearsal', 2003, 0),
(376120, 4, 'El retrato de Anabella', 1987, 30),
(376121, 8, 'Revenge of the Necktie Strangler', 2002, 60),
(376122, 4, 'Review of Cadets at West Point', 1902, 0),
(376123, 4, 'Review of Cadets, West Point', 1902, 0),
(376124, 4, 'Review of Cadets, West Point', 1902, 0),
(376125, 4, 'Ringling Bros. Circus Parade', 1902, 3),
(376126, 4, 'A Road Agent\'s Love', 1912, 0),
(376127, 3, 'Anniyan', 2005, 181),
(376128, 3, 'Rocco', 2002, 73),
(376129, 3, 'Rock Hard', 2003, 88),
(376130, 3, 'Rokada', 1987, 75),
(376131, 4, 'A Romance of the West', 1912, 10),
(376132, 3, 'Rompiendo muros', 2001, 87),
(376133, 3, 'Rosa de Francia', 1995, 0),
(376134, 3, 'El rostro de la dignidad', 2002, 52),
(376135, 4, 'Royal Plus', 2003, 5),
(376136, 3, 'The Rum Diary', 2011, 119),
(376137, 8, 'Runaway Terror', 2002, 66),
(376138, 4, 'Rustlin\' Buster', 1923, 0),
(376139, 3, 'Río de oro', 1986, 100),
(376140, 3, 'Rüzgar Zehra', 1960, 94),
(376141, 2, 'S Club Search', 2001, 0),
(376142, 3, 'Sa baril mag-uusap', 1961, 0),
(376143, 3, 'Sa piling ng mga belyas', 2003, 0),
(376144, 3, 'Saamy', 2003, 150),
(376145, 3, 'Sabir Tasi', 1961, 0),
(376146, 3, 'Safakta bulusalim', 1961, 0),
(376148, 3, 'Sahadharmini', 1931, 0),
(376149, 3, 'The Magnificent Woman', 1961, 103),
(376150, 3, 'The False Prince', 1961, 0),
(376151, 4, 'Sai Dessa, Exu!', 1972, 18),
(376152, 3, 'Salonga Brothers', 1965, 0),
(376153, 3, 'Salserín', 1997, 0),
(376154, 7, 'Salute to Stan Laurel', 1965, 60),
(376155, 7, 'Sammy Davis and the Wonderful World of Children', 1965, 60),
(376156, 3, 'Santa to Chiyonoyama', 1952, 46),
(376157, 4, 'Sap', 2002, 8),
(376158, 3, 'Sar Utha Ke Jiyo', 1998, 0),
(376159, 3, 'Sati Ahilya', 1949, 0),
(376160, 3, 'Sati Ansuya', 1933, 0),
(376161, 3, 'Sati Aur Bhagwan', 1982, 0),
(376162, 3, 'The Faithful Wife', 1965, 0),
(376163, 3, 'Sati Sawyambar', 1933, 0),
(376164, 8, 'Savini\'s EFX', 2003, 12),
(376165, 4, 'The School', 2003, 8),
(376166, 8, 'Score More Points Nintendo Blue', 1989, 30),
(376167, 8, 'Scream Queen', 2003, 87),
(376168, 4, 'A Seashore Gymkana', 1902, 0),
(376169, 5, 'Second to None', 2001, 60),
(376170, 7, 'Seiji Ozawa: Bartók and Ives', 1993, 0),
(376171, 3, 'Sekirei no kyoku', 1951, 0),
(376172, 3, 'Send Me an Angel', 2003, 45),
(376173, 3, 'Seni benden alamazlar', 1962, 0),
(376174, 3, 'Senin için affettim', 1961, 0),
(376175, 3, 'Leave at Sunset', 1973, 86),
(376176, 3, 'Sepetçioglu', 1961, 74),
(376177, 3, 'Only Human', 2004, 85),
(376178, 3, 'Sevdali efe', 1961, 84),
(376179, 3, 'Sexo, sudor y lagrimas', 1987, 90),
(376180, 3, 'Devil\'s Sword', 1962, 0),
(376181, 3, 'Shadows in the Sun', 2005, 100),
(376182, 3, 'Shaktiman', 1993, 155),
(376183, 3, 'Shanta', 1932, 0),
(376184, 4, 'She Meets with Wife\'s Approval', 1902, 0),
(376185, 4, 'The Sheepman\'s Escape', 1912, 0),
(376186, 4, 'The Sheriff and His Man', 1912, 0),
(376187, 8, 'Shocking Stockings 2', 2005, 0),
(376188, 8, 'Sickening Conceptions', 2000, 90),
(376189, 5, 'Den sidste røde stjerne', 1993, 43),
(376190, 3, 'Siyam na buhay ni Martin Pusa', 1964, 0),
(376191, 4, 'Skymaskinen', 2000, 20),
(376192, 8, 'Slammer', 2002, 300),
(376193, 4, 'Slavomir Stojanovic', 1995, 11),
(376194, 4, 'The Sleeper', 1902, 0),
(376195, 7, 'SlimeCon', 2002, 116),
(376196, 3, 'Slow Burn', 2005, 93),
(376197, 3, 'Smerti net rebyata', 1971, 0),
(376198, 4, 'Snow White', 1902, 0),
(376199, 3, 'Ahmet the Driver', 1961, 0),
(376200, 3, 'Woman Came from the Street', 1961, 0),
(376201, 5, 'Solti\'s Bartók in Budapest', 1990, 89),
(376202, 3, 'The Leaves of Autumn', 1962, 0),
(376203, 3, 'Sono yoru no himegoto', 1957, 0),
(376204, 3, 'Soste Japan', 2002, 55),
(376205, 3, 'Souli', 2004, 94),
(376206, 5, 'A Source of Innocent Merriment', 1987, 39),
(376207, 4, 'A Spill', 1902, 0),
(376208, 9, 'Star Ocean: Till the End of Time', 2003, 0),
(376209, 5, 'Stiff', 2004, 93),
(376210, 4, 'Still Life', 1999, 5),
(376211, 4, 'Stolen Gold', 1923, 0),
(376212, 4, 'Stop!', 2003, 6),
(376213, 3, 'Christmas Mountain', 1981, 90),
(376214, 8, 'The Story of the SAS', 1999, 65),
(376215, 5, 'Strip Search', 2004, 120),
(376216, 4, 'The Suburban of 1902', 1902, 0),
(376217, 3, 'Sugapa', 1963, 0),
(376218, 3, 'Sulla', 2003, 121),
(376219, 4, 'The Summer Exodus', 1902, 0),
(376220, 3, 'Sumpa at pangako', 1959, 0),
(376221, 4, 'Sumrak', 1995, 8),
(376223, 3, 'The Guilty Lovers', 1961, 0),
(376224, 5, 'A Bright Example', 1976, 65),
(376226, 4, 'A Sweet Little Home in the Country', 1902, 0),
(376227, 3, 'Sylvio Caldas - História da Música Popular Brasileira', 1987, 60),
(376228, 3, 'A Szent Lörinc folyó lazacai', 2003, 120),
(376229, 5, 'Søforklaring', 1988, 0),
(376230, 3, 'The Woman Who Stole the Sun', 1979, 110),
(376231, 3, 'Takot mabuhay, takot mamatay', 1964, 0),
(376232, 3, 'Talahib', 1963, 0),
(376233, 5, 'Tales of a Fly on the Wall', 2004, 0),
(376234, 8, 'Tales of the West: The Indians', 1994, 50),
(376235, 5, 'The Taming of the Shrew', 1973, 110),
(376236, 4, 'Tangó', 1996, 15),
(376237, 4, 'Tanja', 1995, 19),
(376238, 5, 'Tanz mit dem Vulkan - Portrait Susan Sontag', 1993, 0),
(376239, 6, 'Tapin du soir', 1996, 5),
(376240, 3, 'Sweet Sin', 1961, 91),
(376241, 3, 'Tekiya no Ishimatsu', 1976, 91),
(376242, 3, 'Temptation Island', 1980, 113),
(376243, 4, 'The Tenderfoot Foreman', 1912, 0),
(376244, 3, 'Tensai sagishi monogatari: Tanuki no hanamichi', 1964, 96),
(376245, 3, 'La terra in due', 1985, 82),
(376246, 4, 'Their Friend, the Burglar', 1915, 0),
(376247, 4, 'Their One Love', 1915, 15),
(376248, 4, 'Their Sporting Blood', 1918, 0),
(376249, 4, 'They Found the Leak', 1902, 0),
(376250, 4, 'Three Fingered Jenny', 1916, 0),
(376251, 4, 'Thro\' Hell Gate', 1902, 0),
(376252, 4, 'Through Eyes of Love', 1914, 0),
(376253, 4, 'To Touch a Child', 1962, 12),
(376254, 5, 'To syn på døden', 1969, 30),
(376255, 8, 'Together Again: A Tribute to Kenneth Sandford, John Reed, and Thomas Round', 2000, 0),
(376256, 3, 'Tokyo beran me-e musume', 1959, 0),
(376257, 3, 'Tokyo no josei', 1960, 0),
(376258, 3, 'Tokyo yoitoko', 1957, 55),
(376259, 3, 'Tokyo-Seoul-Bangkok', 1973, 104),
(376260, 3, 'Tondo Boy', 1962, 0),
(376261, 4, 'Touched', 2003, 25),
(376262, 4, 'A Tough Dance', 1902, 0),
(376263, 3, 'Tough Luck', 2003, 88),
(376264, 2, 'Track 2', 2003, 0),
(376265, 4, 'La trajectoire oblique', 1998, 13),
(376266, 9, 'Transformers', 2003, 0),
(376267, 5, 'Transit Levantkade', 1991, 82),
(376268, 3, 'Trapianto, consunzione e morte di Franco Brocani', 1969, 120),
(376269, 3, 'Treasure: In Search of the Golden Horse', 1984, 69),
(376270, 4, 'La tregua', 1987, 30),
(376271, 3, 'Tres Cantos', 1963, 0),
(376272, 4, 'A Trip Through the Paramount Studio', 1927, 9),
(376273, 8, 'Tropical Passions', 2002, 81),
(376274, 3, 'True Confessions', 1960, 0),
(376275, 4, 'A Tub Race', 1902, 0),
(376276, 5, 'Turandot', 2002, 128),
(376277, 4, 'Tuve tu amor', 2001, 18),
(376278, 8, 'Twisted Illusions', 1985, 80),
(376279, 9, 'Twisted Metal', 1995, 0),
(376280, 9, 'Twisted Metal 2', 1996, 0),
(376281, 9, 'Twisted Metal 4', 1999, 0),
(376282, 9, 'Twisted Metal III', 1998, 0),
(376283, 9, 'Twisted Metal Small Brawl', 2001, 0),
(376284, 8, 'Twisted Souls', 2003, 100),
(376285, 8, 'Two Masters\' Eyes', 2003, 30),
(376286, 4, 'Two Men Who Waited', 1914, 0),
(376287, 4, 'Tú no sospechas', 2001, 20),
(376288, 8, 'U2: The Best of 1990-2000', 2002, 176),
(376289, 4, 'Uma Folha Que Cai', 2003, 14),
(376290, 4, 'Under Mexican Skies', 1912, 0),
(376291, 3, 'A Season in the Life of Emmanuel', 1973, 97),
(376292, 5, 'The Unknown', 1964, 60),
(376293, 4, 'Unsere Afrikareise', 1966, 13),
(376295, 8, 'Unworkout', 1992, 0),
(376296, 3, 'Tramp', 1994, 106),
(376297, 8, 'The Vegas Showgirl Strangler', 2002, 0),
(376298, 3, 'Vendetta Brothers', 1964, 0),
(376299, 3, 'Vengador callejero', 1988, 85),
(376300, 4, 'The Verdict', 1914, 0),
(376301, 5, 'Verführung in 6 Gängen', 2004, 87),
(376302, 5, 'Vestamager - drømmenes land', 1973, 0),
(376303, 3, 'Via Europa', 1963, 0),
(376304, 3, 'Vida y color', 2005, 90),
(376305, 4, 'Video de rock', 1987, 30),
(376306, 5, 'Vil du danse med mig?', 1986, 40),
(376307, 3, 'La ville est à nous', 1976, 0),
(376308, 3, 'Vish Kanya', 1943, 0),
(376309, 3, 'Vish Vaman', 1936, 0),
(376310, 5, 'Eine vollkommen erlogene Geschichte', 1977, 72),
(376311, 4, 'The Volunteer Burglar', 1914, 0),
(376312, 5, 'Vom anderen Stern', 1983, 80),
(376313, 5, 'Von wegen', 1991, 72);

-- --------------------------------------------------------

--
-- Tabelstructuur voor tabel `movie_genres`
--

CREATE TABLE `movie_genres` (
  `genre_id` int(11) NOT NULL,
  `movie_id` int(11) NOT NULL
) ENGINE=InnoDB DEFAULT CHARSET=utf8mb4 COLLATE=utf8mb4_general_ci;

--
-- Gegevens worden geëxporteerd voor tabel `movie_genres`
--

INSERT INTO `movie_genres` (`genre_id`, `movie_id`) VALUES
(1, 375282),
(1, 375290),
(1, 375291),
(1, 375304),
(1, 375333),
(1, 375337),
(1, 375342),
(1, 375343),
(1, 375349),
(1, 375353),
(1, 375357),
(1, 375364),
(1, 375382),
(1, 375386),
(1, 375390),
(1, 375403),
(1, 375408),
(1, 375411),
(1, 375433),
(1, 375445),
(1, 375446),
(1, 375488),
(1, 375501),
(1, 375503),
(1, 375514),
(1, 375517),
(1, 375529),
(1, 375531),
(1, 375533),
(1, 375534),
(1, 375538),
(1, 375550),
(1, 375551),
(1, 375552),
(1, 375553),
(1, 375555),
(1, 375565),
(1, 375571),
(1, 375575),
(1, 375578),
(1, 375582),
(1, 375584),
(1, 375585),
(1, 375587),
(1, 375588),
(1, 375597),
(1, 375606),
(1, 375611),
(1, 375615),
(1, 375616),
(1, 375630),
(1, 375636),
(1, 375641),
(1, 375643),
(1, 375646),
(1, 375647),
(1, 375648),
(1, 375651),
(1, 375657),
(1, 375659),
(1, 375662),
(1, 375664),
(1, 375669),
(1, 375673),
(1, 375674),
(1, 375677),
(1, 375678),
(1, 375679),
(1, 375684),
(1, 375685),
(1, 375688),
(1, 375695),
(1, 375698),
(1, 375703),
(1, 375704),
(1, 375705),
(1, 375707),
(1, 375714),
(1, 375722),
(1, 375723),
(1, 375733),
(1, 375735),
(1, 375736),
(1, 375741),
(1, 375746),
(1, 375753),
(1, 375768),
(1, 375772),
(1, 375773),
(1, 375778),
(1, 375779),
(1, 375782),
(1, 375791),
(1, 375797),
(1, 375802),
(1, 375809),
(1, 375813),
(1, 375818),
(1, 375824),
(1, 375827),
(1, 375830),
(1, 375840),
(1, 375842),
(1, 375843),
(1, 375849),
(1, 375850),
(1, 375851),
(1, 375858),
(1, 375859),
(1, 375863),
(1, 375864),
(1, 375865),
(1, 375868),
(1, 375875),
(1, 375878),
(1, 375880),
(1, 375885),
(1, 375887),
(1, 375888),
(1, 375889),
(1, 375890),
(1, 375894),
(1, 375904),
(1, 375909),
(1, 375911),
(1, 375912),
(1, 375914),
(1, 375917),
(1, 375918),
(1, 375919),
(1, 375920),
(1, 375924),
(1, 375926),
(1, 375927),
(1, 375929),
(1, 375930),
(1, 375935),
(1, 375936),
(1, 375937),
(1, 375943),
(1, 375944),
(1, 375954),
(1, 375955),
(1, 375958),
(1, 375962),
(1, 375968),
(1, 375975),
(1, 375980),
(1, 375986),
(1, 375990),
(1, 375993),
(1, 375994),
(1, 375997),
(1, 375999),
(1, 376001),
(1, 376003),
(1, 376006),
(1, 376007),
(1, 376011),
(1, 376018),
(1, 376025),
(1, 376028),
(1, 376029),
(1, 376036),
(1, 376037),
(1, 376038),
(1, 376039),
(1, 376041),
(1, 376044),
(1, 376045),
(1, 376061),
(1, 376070),
(1, 376076),
(1, 376080),
(1, 376083),
(1, 376094),
(1, 376096),
(1, 376101),
(1, 376105),
(1, 376119),
(1, 376120),
(1, 376127),
(1, 376128),
(1, 376130),
(1, 376133),
(1, 376136),
(1, 376140),
(1, 376143),
(1, 376144),
(1, 376145),
(1, 376149),
(1, 376161),
(1, 376171),
(1, 376173),
(1, 376174),
(1, 376175),
(1, 376176),
(1, 376178),
(1, 376181),
(1, 376182),
(1, 376191),
(1, 376196),
(1, 376197),
(1, 376199),
(1, 376200),
(1, 376202),
(1, 376203),
(1, 376208),
(1, 376210),
(1, 376212),
(1, 376213),
(1, 376215),
(1, 376217),
(1, 376220),
(1, 376223),
(1, 376226),
(1, 376228),
(1, 376230),
(1, 376239),
(1, 376247),
(1, 376252),
(1, 376261),
(1, 376268),
(1, 376271),
(1, 376273),
(1, 376286),
(1, 376289),
(1, 376291),
(1, 376296),
(1, 376299),
(1, 376300),
(1, 376304),
(1, 376308),
(1, 376311),
(1, 376312),
(1, 376313),
(2, 375283),
(2, 375287),
(2, 375295),
(2, 375297),
(2, 375301),
(2, 375309),
(2, 375313),
(2, 375320),
(2, 375322),
(2, 375323),
(2, 375327),
(2, 375328),
(2, 375331),
(2, 375335),
(2, 375344),
(2, 375347),
(2, 375348),
(2, 375350),
(2, 375360),
(2, 375363),
(2, 375368),
(2, 375374),
(2, 375375),
(2, 375377),
(2, 375379),
(2, 375384),
(2, 375389),
(2, 375396),
(2, 375398),
(2, 375401),
(2, 375402),
(2, 375404),
(2, 375405),
(2, 375406),
(2, 375413),
(2, 375415),
(2, 375416),
(2, 375418),
(2, 375423),
(2, 375426),
(2, 375427),
(2, 375429),
(2, 375431),
(2, 375441),
(2, 375442),
(2, 375449),
(2, 375451),
(2, 375454),
(2, 375458),
(2, 375461),
(2, 375480),
(2, 375482),
(2, 375486),
(2, 375498),
(2, 375505),
(2, 375509),
(2, 375537),
(2, 375547),
(2, 375583),
(2, 375601),
(2, 375620),
(2, 375631),
(2, 375632),
(2, 375633),
(2, 375649),
(2, 375683),
(2, 375694),
(2, 375715),
(2, 375719),
(2, 375729),
(2, 375757),
(2, 375774),
(2, 375780),
(2, 375804),
(2, 375805),
(2, 375874),
(2, 375881),
(2, 375882),
(2, 375883),
(2, 375884),
(2, 375886),
(2, 375897),
(2, 375900),
(2, 375901),
(2, 375902),
(2, 375905),
(2, 375906),
(2, 375907),
(2, 375948),
(2, 375964),
(2, 375966),
(2, 375967),
(2, 375981),
(2, 375998),
(2, 376053),
(2, 376054),
(2, 376055),
(2, 376073),
(2, 376112),
(2, 376113),
(2, 376148),
(2, 376156),
(2, 376160),
(2, 376162),
(2, 376163),
(2, 376183),
(2, 376187),
(2, 376188),
(2, 376205),
(2, 376218),
(2, 376224),
(2, 376274),
(2, 376303),
(2, 376307),
(2, 376309),
(3, 375284),
(3, 375285),
(3, 375286),
(3, 375289),
(3, 375290),
(3, 375302),
(3, 375305),
(3, 375307),
(3, 375308),
(3, 375311),
(3, 375314),
(3, 375318),
(3, 375325),
(3, 375333),
(3, 375339),
(3, 375345),
(3, 375346),
(3, 375355),
(3, 375358),
(3, 375371),
(3, 375376),
(3, 375378),
(3, 375380),
(3, 375390),
(3, 375391),
(3, 375392),
(3, 375393),
(3, 375394),
(3, 375399),
(3, 375407),
(3, 375408),
(3, 375409),
(3, 375417),
(3, 375422),
(3, 375437),
(3, 375444),
(3, 375452),
(3, 375456),
(3, 375466),
(3, 375469),
(3, 375474),
(3, 375479),
(3, 375481),
(3, 375487),
(3, 375490),
(3, 375492),
(3, 375502),
(3, 375504),
(3, 375510),
(3, 375511),
(3, 375520),
(3, 375526),
(3, 375535),
(3, 375541),
(3, 375544),
(3, 375549),
(3, 375569),
(3, 375604),
(3, 375605),
(3, 375607),
(3, 375609),
(3, 375619),
(3, 375623),
(3, 375624),
(3, 375630),
(3, 375652),
(3, 375655),
(3, 375657),
(3, 375660),
(3, 375662),
(3, 375666),
(3, 375671),
(3, 375680),
(3, 375682),
(3, 375689),
(3, 375697),
(3, 375706),
(3, 375721),
(3, 375727),
(3, 375738),
(3, 375744),
(3, 375747),
(3, 375748),
(3, 375750),
(3, 375753),
(3, 375755),
(3, 375759),
(3, 375763),
(3, 375775),
(3, 375785),
(3, 375792),
(3, 375794),
(3, 375803),
(3, 375806),
(3, 375808),
(3, 375813),
(3, 375816),
(3, 375819),
(3, 375821),
(3, 375825),
(3, 375834),
(3, 375835),
(3, 375839),
(3, 375845),
(3, 375846),
(3, 375847),
(3, 375848),
(3, 375850),
(3, 375852),
(3, 375853),
(3, 375855),
(3, 375856),
(3, 375857),
(3, 375860),
(3, 375861),
(3, 375866),
(3, 375867),
(3, 375871),
(3, 375890),
(3, 375893),
(3, 375908),
(3, 375911),
(3, 375921),
(3, 375932),
(3, 375934),
(3, 375946),
(3, 375947),
(3, 375949),
(3, 375954),
(3, 375960),
(3, 375961),
(3, 375970),
(3, 375974),
(3, 375976),
(3, 375977),
(3, 375984),
(3, 375988),
(3, 376003),
(3, 376004),
(3, 376006),
(3, 376007),
(3, 376009),
(3, 376018),
(3, 376023),
(3, 376027),
(3, 376035),
(3, 376057),
(3, 376060),
(3, 376061),
(3, 376062),
(3, 376070),
(3, 376071),
(3, 376072),
(3, 376074),
(3, 376075),
(3, 376078),
(3, 376087),
(3, 376089),
(3, 376090),
(3, 376091),
(3, 376092),
(3, 376099),
(3, 376105),
(3, 376108),
(3, 376136),
(3, 376150),
(3, 376155),
(3, 376167),
(3, 376169),
(3, 376177),
(3, 376179),
(3, 376181),
(3, 376184),
(3, 376194),
(3, 376195),
(3, 376209),
(3, 376212),
(3, 376233),
(3, 376235),
(3, 376239),
(3, 376241),
(3, 376242),
(3, 376244),
(3, 376246),
(3, 376248),
(3, 376249),
(3, 376256),
(3, 376258),
(4, 375285),
(4, 375293),
(4, 375298),
(4, 375300),
(4, 375316),
(4, 375341),
(4, 375351),
(4, 375352),
(4, 375367),
(4, 375385),
(4, 375430),
(4, 375465),
(4, 375478),
(4, 375483),
(4, 375484),
(4, 375485),
(4, 375494),
(4, 375495),
(4, 375496),
(4, 375497),
(4, 375499),
(4, 375512),
(4, 375515),
(4, 375518),
(4, 375519),
(4, 375520),
(4, 375522),
(4, 375525),
(4, 375528),
(4, 375530),
(4, 375539),
(4, 375540),
(4, 375542),
(4, 375546),
(4, 375554),
(4, 375556),
(4, 375561),
(4, 375580),
(4, 375586),
(4, 375589),
(4, 375602),
(4, 375608),
(4, 375613),
(4, 375614),
(4, 375617),
(4, 375618),
(4, 375621),
(4, 375622),
(4, 375625),
(4, 375637),
(4, 375639),
(4, 375640),
(4, 375644),
(4, 375645),
(4, 375650),
(4, 375663),
(4, 375665),
(4, 375667),
(4, 375668),
(4, 375676),
(4, 375681),
(4, 375690),
(4, 375692),
(4, 375700),
(4, 375702),
(4, 375709),
(4, 375717),
(4, 375718),
(4, 375730),
(4, 375732),
(4, 375739),
(4, 375744),
(4, 375745),
(4, 375749),
(4, 375758),
(4, 375761),
(4, 375764),
(4, 375765),
(4, 375766),
(4, 375767),
(4, 375771),
(4, 375781),
(4, 375783),
(4, 375800),
(4, 375807),
(4, 375812),
(4, 375814),
(4, 375815),
(4, 375817),
(4, 375822),
(4, 375823),
(4, 375826),
(4, 375829),
(4, 375831),
(4, 375833),
(4, 375837),
(4, 375869),
(4, 375877),
(4, 375892),
(4, 375899),
(4, 375922),
(4, 375923),
(4, 375928),
(4, 375933),
(4, 375939),
(4, 375941),
(4, 375942),
(4, 375945),
(4, 375950),
(4, 375953),
(4, 375957),
(4, 375963),
(4, 375969),
(4, 375973),
(4, 375978),
(4, 375982),
(4, 375989),
(4, 376005),
(4, 376012),
(4, 376017),
(4, 376026),
(4, 376032),
(4, 376033),
(4, 376042),
(4, 376048),
(4, 376049),
(4, 376050),
(4, 376051),
(4, 376063),
(4, 376064),
(4, 376068),
(4, 376069),
(4, 376084),
(4, 376085),
(4, 376100),
(4, 376104),
(4, 376110),
(4, 376115),
(4, 376116),
(4, 376117),
(4, 376122),
(4, 376123),
(4, 376124),
(4, 376125),
(4, 376129),
(4, 376132),
(4, 376134),
(4, 376141),
(4, 376151),
(4, 376154),
(4, 376164),
(4, 376166),
(4, 376169),
(4, 376189),
(4, 376193),
(4, 376201),
(4, 376204),
(4, 376206),
(4, 376214),
(4, 376216),
(4, 376219),
(4, 376221),
(4, 376227),
(4, 376229),
(4, 376234),
(4, 376237),
(4, 376238),
(4, 376245),
(4, 376251),
(4, 376254),
(4, 376262),
(4, 376264),
(4, 376267),
(4, 376270),
(4, 376272),
(4, 376285),
(4, 376288),
(4, 376295),
(4, 376302),
(4, 376305),
(4, 376306),
(5, 375288),
(5, 375299),
(5, 375311),
(5, 375312),
(5, 375326),
(5, 375330),
(5, 375332),
(5, 375334),
(5, 375336),
(5, 375354),
(5, 375356),
(5, 375359),
(5, 375362),
(5, 375366),
(5, 375370),
(5, 375373),
(5, 375392),
(5, 375394),
(5, 375395),
(5, 375428),
(5, 375435),
(5, 375436),
(5, 375438),
(5, 375444),
(5, 375447),
(5, 375448),
(5, 375450),
(5, 375471),
(5, 375473),
(5, 375475),
(5, 375477),
(5, 375481),
(5, 375491),
(5, 375493),
(5, 375500),
(5, 375502),
(5, 375504),
(5, 375507),
(5, 375508),
(5, 375590),
(5, 375591),
(5, 375592),
(5, 375593),
(5, 375594),
(5, 375595),
(5, 376141),
(6, 375288),
(6, 375319),
(6, 375340),
(6, 375369),
(6, 375421),
(6, 375440),
(6, 375453),
(6, 375455),
(7, 375288),
(7, 375326),
(7, 375333),
(7, 375355),
(7, 375369),
(7, 375433),
(7, 375446),
(7, 375503),
(7, 375511),
(7, 375514),
(7, 375551),
(7, 375552),
(7, 375582),
(7, 375588),
(7, 375606),
(7, 375666),
(7, 375671),
(7, 375688),
(7, 375706),
(7, 375727),
(7, 375735),
(7, 375736),
(7, 375747),
(7, 375773),
(7, 375778),
(7, 375779),
(7, 375782),
(7, 375785),
(7, 375802),
(7, 375813),
(7, 375820),
(7, 375827),
(7, 375845),
(7, 375849),
(7, 375880),
(7, 375911),
(7, 375914),
(7, 375932),
(7, 375935),
(7, 375939),
(7, 375949),
(7, 375954),
(7, 375962),
(7, 375971),
(7, 375994),
(7, 375995),
(7, 376001),
(7, 376028),
(7, 376030),
(7, 376057),
(7, 376089),
(7, 376090),
(7, 376149),
(7, 376158),
(7, 376167),
(7, 376172),
(7, 376173),
(7, 376177),
(7, 376178),
(7, 376180),
(7, 376181),
(7, 376182),
(7, 376191),
(7, 376200),
(7, 376202),
(7, 376223),
(7, 376230),
(7, 376235),
(7, 376240),
(7, 376252),
(7, 376257),
(7, 376286),
(7, 376300),
(7, 376301),
(7, 376311),
(8, 375292),
(8, 375302),
(8, 375310),
(8, 375356),
(8, 375361),
(8, 375362),
(8, 375425),
(8, 375430),
(8, 375436),
(8, 375439),
(8, 375443),
(8, 375446),
(8, 375460),
(8, 375472),
(8, 375475),
(8, 375478),
(8, 375479),
(8, 375493),
(8, 375535),
(8, 375557),
(8, 375590),
(8, 375591),
(8, 375592),
(8, 375593),
(8, 375594),
(8, 375595),
(8, 375604),
(8, 375619),
(8, 375695),
(8, 375711),
(8, 375712),
(8, 375713),
(8, 375786),
(8, 375789),
(8, 375798),
(8, 375803),
(8, 375873),
(8, 375970),
(8, 375994),
(8, 376018),
(8, 376060),
(8, 376108),
(8, 376109),
(8, 376141),
(8, 376153),
(8, 376166),
(8, 376201),
(8, 376213),
(8, 376266),
(8, 376269),
(8, 376301),
(8, 376310),
(9, 375294),
(9, 375303),
(9, 375307),
(9, 375330),
(9, 375365),
(9, 375387),
(9, 375410),
(9, 375412),
(9, 375437),
(9, 375439),
(9, 375476),
(9, 375489),
(9, 375490),
(9, 375511),
(9, 375541),
(9, 375727),
(9, 375736),
(9, 375811),
(9, 375828),
(9, 375861),
(9, 375960),
(9, 375962),
(9, 375972),
(9, 375992),
(9, 376003),
(9, 376089),
(9, 376090),
(9, 376153),
(9, 376255),
(9, 376256),
(9, 376276),
(9, 376305),
(10, 375296),
(10, 375308),
(10, 375315),
(10, 375319),
(10, 375321),
(10, 375329),
(10, 375338),
(10, 375369),
(10, 375372),
(10, 375397),
(10, 375399),
(10, 375407),
(10, 375409),
(10, 375414),
(10, 375420),
(10, 375434),
(10, 375439),
(10, 375447),
(10, 375467),
(10, 375468),
(10, 375506),
(11, 375302),
(11, 375337),
(11, 375430),
(11, 375456),
(11, 375513),
(11, 375557),
(11, 375568),
(11, 375603),
(11, 375658),
(11, 375740),
(11, 375744),
(11, 375751),
(11, 375787),
(11, 375789),
(11, 375801),
(11, 375806),
(11, 375808),
(11, 375931),
(11, 375987),
(11, 376020),
(11, 376058),
(11, 376065),
(11, 376079),
(11, 376082),
(11, 376157),
(11, 376195),
(12, 375306),
(12, 375324),
(12, 375332),
(12, 375381),
(12, 375411),
(12, 375459),
(12, 375464),
(12, 375475),
(12, 375516),
(12, 375590),
(12, 375591),
(12, 375592),
(12, 375593),
(12, 375594),
(12, 375595),
(12, 375711),
(12, 375712),
(12, 375713),
(12, 376069),
(12, 376108),
(12, 376216),
(12, 376295),
(13, 375317),
(13, 375337),
(13, 375388),
(13, 375395),
(13, 375432),
(13, 375466),
(13, 375568),
(13, 375579),
(13, 375603),
(13, 375652),
(13, 375720),
(13, 375731),
(13, 375808),
(13, 375862),
(13, 375873),
(13, 375926),
(13, 376008),
(13, 376027),
(13, 376034),
(13, 376035),
(13, 376065),
(13, 376105),
(13, 376109),
(13, 376118),
(13, 376146),
(13, 376176),
(13, 376178),
(13, 376180),
(13, 376208),
(13, 376213),
(13, 376242),
(13, 376283),
(14, 375318),
(14, 375359),
(14, 375373),
(14, 375383),
(14, 375400),
(14, 375462),
(14, 375463),
(14, 375470),
(14, 375495),
(14, 375504),
(14, 375512),
(14, 375516),
(14, 375596),
(14, 375702),
(14, 375718),
(14, 375764),
(14, 375833),
(14, 375877),
(14, 375910),
(14, 375938),
(14, 375940),
(14, 376026),
(14, 376063),
(14, 376064),
(14, 376155),
(14, 376170),
(14, 376201),
(14, 376206),
(14, 376227),
(14, 376255),
(14, 376264),
(14, 376276),
(14, 376288),
(15, 375341),
(15, 375351),
(15, 375525),
(15, 375643),
(15, 375920),
(15, 376308),
(16, 375341),
(16, 375492),
(16, 375612),
(16, 375735),
(16, 375782),
(16, 375840),
(16, 375844),
(16, 375983),
(16, 375990),
(16, 376031),
(16, 376137),
(16, 376196),
(16, 376228),
(16, 376269),
(16, 376292),
(16, 376296),
(17, 375352),
(17, 375457),
(17, 375513),
(17, 375517),
(17, 375522),
(17, 375524),
(17, 375539),
(17, 375540),
(17, 375541),
(17, 375542),
(17, 375543),
(17, 375545),
(17, 375550),
(17, 375558),
(17, 375559),
(17, 375563),
(17, 375570),
(17, 375573),
(17, 375574),
(17, 375575),
(17, 375576),
(17, 375581),
(17, 375586),
(17, 375589),
(17, 375597),
(17, 375600),
(17, 375607),
(17, 375609),
(17, 375613),
(17, 375615),
(17, 375618),
(17, 375621),
(17, 375622),
(17, 375623),
(17, 375626),
(17, 375627),
(17, 375628),
(17, 375629),
(17, 375634),
(17, 375639),
(17, 375640),
(17, 375641),
(17, 375642),
(17, 375644),
(17, 375647),
(17, 375650),
(17, 375653),
(17, 375654),
(17, 375658),
(17, 375659),
(17, 375660),
(17, 375661),
(17, 375667),
(17, 375670),
(17, 375672),
(17, 375673),
(17, 375674),
(17, 375676),
(17, 375677),
(17, 375681),
(17, 375682),
(17, 375684),
(17, 375687),
(17, 375689),
(17, 375692),
(17, 375695),
(17, 375696),
(17, 375697),
(17, 375699),
(17, 375700),
(17, 375701),
(17, 375704),
(17, 375707),
(17, 375710),
(17, 375722),
(17, 375724),
(17, 375725),
(17, 375726),
(17, 375728),
(17, 375732),
(17, 375737),
(17, 375740),
(17, 375745),
(17, 375746),
(17, 375747),
(17, 375748),
(17, 375751),
(17, 375752),
(17, 375756),
(17, 375758),
(17, 375759),
(17, 375762),
(17, 375765),
(17, 375766),
(17, 375767),
(17, 375768),
(17, 375769),
(17, 375772),
(17, 375783),
(17, 375786),
(17, 375787),
(17, 375788),
(17, 375790),
(17, 375793),
(17, 375800),
(17, 375801),
(17, 375802),
(17, 375806),
(17, 375821),
(17, 375822),
(17, 375823),
(17, 375825),
(17, 375826),
(17, 375830),
(17, 375832),
(17, 375834),
(17, 375835),
(17, 375836),
(17, 375837),
(17, 375838),
(17, 375839),
(17, 375841),
(17, 375842),
(17, 375843),
(17, 375847),
(17, 375848),
(17, 375851),
(17, 375852),
(17, 375853),
(17, 375854),
(17, 375855),
(17, 375856),
(17, 375857),
(17, 375858),
(17, 375860),
(17, 375861),
(17, 375863),
(17, 375864),
(17, 375866),
(17, 375867),
(17, 375868),
(17, 375870),
(17, 375871),
(17, 375877),
(17, 375885),
(17, 375893),
(17, 375894),
(17, 375895),
(17, 375896),
(17, 375904),
(17, 375908),
(17, 375913),
(17, 375914),
(17, 375915),
(17, 375923),
(17, 375924),
(17, 375925),
(17, 375927),
(17, 375928),
(17, 375931),
(17, 375932),
(17, 375933),
(17, 375935),
(17, 375942),
(17, 375945),
(17, 375947),
(17, 375949),
(17, 375950),
(17, 375951),
(17, 375952),
(17, 375953),
(17, 375955),
(17, 375956),
(17, 375957),
(17, 375968),
(17, 375969),
(17, 375970),
(17, 375973),
(17, 375977),
(17, 375983),
(17, 375984),
(17, 375985),
(17, 375987),
(17, 375991),
(17, 376000),
(17, 376002),
(17, 376004),
(17, 376009),
(17, 376010),
(17, 376012),
(17, 376014),
(17, 376015),
(17, 376016),
(17, 376017),
(17, 376019),
(17, 376020),
(17, 376021),
(17, 376022),
(17, 376023),
(17, 376024),
(17, 376025),
(17, 376028),
(17, 376032),
(17, 376033),
(17, 376036),
(17, 376037),
(17, 376038),
(17, 376040),
(17, 376047),
(17, 376048),
(17, 376049),
(17, 376050),
(17, 376051),
(17, 376056),
(17, 376072),
(17, 376074),
(17, 376075),
(17, 376077),
(17, 376082),
(17, 376084),
(17, 376086),
(17, 376091),
(17, 376092),
(17, 376093),
(17, 376099),
(17, 376102),
(17, 376106),
(17, 376107),
(17, 376110),
(17, 376111),
(17, 376116),
(17, 376117),
(17, 376118),
(17, 376120),
(17, 376122),
(17, 376123),
(17, 376124),
(17, 376125),
(17, 376126),
(17, 376131),
(17, 376135),
(17, 376138),
(17, 376151),
(17, 376157),
(17, 376164),
(17, 376165),
(17, 376166),
(17, 376168),
(17, 376184),
(17, 376185),
(17, 376186),
(17, 376193),
(17, 376194),
(17, 376198),
(17, 376207),
(17, 376210),
(17, 376211),
(17, 376212),
(17, 376216),
(17, 376219),
(17, 376221),
(17, 376226),
(17, 376236),
(17, 376237),
(17, 376243),
(17, 376246),
(17, 376247),
(17, 376248),
(17, 376249),
(17, 376250),
(17, 376251),
(17, 376252),
(17, 376253),
(17, 376261),
(17, 376262),
(17, 376265),
(17, 376270),
(17, 376272),
(17, 376275),
(17, 376277),
(17, 376285),
(17, 376286),
(17, 376287),
(17, 376289),
(17, 376290),
(17, 376293),
(17, 376300),
(17, 376305),
(18, 375382),
(18, 375411),
(18, 375499),
(18, 375527),
(18, 375536),
(18, 375560),
(18, 375612),
(18, 375616),
(18, 375630),
(18, 375669),
(18, 375679),
(18, 375698),
(18, 375733),
(18, 375743),
(18, 375754),
(18, 375777),
(18, 375794),
(18, 375809),
(18, 375820),
(18, 375840),
(18, 375863),
(18, 375878),
(18, 375909),
(18, 375912),
(18, 375916),
(18, 375927),
(18, 375958),
(18, 375990),
(18, 375996),
(18, 376031),
(18, 376044),
(18, 376058),
(18, 376065),
(18, 376070),
(18, 376080),
(18, 376098),
(18, 376127),
(18, 376137),
(18, 376175),
(18, 376209),
(18, 376228),
(18, 376241),
(18, 376259),
(18, 376273),
(18, 376279),
(18, 376280),
(18, 376282),
(18, 376296),
(18, 376299),
(18, 376311),
(19, 375408),
(19, 375514),
(19, 375557),
(19, 375562),
(19, 375579),
(19, 375599),
(19, 375687),
(19, 375726),
(19, 375821),
(19, 375844),
(19, 375915),
(19, 375926),
(19, 375952),
(19, 375992),
(19, 376008),
(19, 376159),
(19, 376161),
(19, 376191),
(19, 376242),
(19, 376266),
(19, 376269),
(19, 376279),
(19, 376280),
(19, 376283),
(19, 376308),
(20, 375419),
(20, 375424),
(20, 375443),
(21, 375466),
(21, 375527),
(21, 375536),
(21, 375538),
(21, 375560),
(21, 375562),
(21, 375566),
(21, 375567),
(21, 375568),
(21, 375570),
(21, 375571),
(21, 375579),
(21, 375584),
(21, 375585),
(21, 375587),
(21, 375598),
(21, 375603),
(21, 375604),
(21, 375636),
(21, 375638),
(21, 375646),
(21, 375652),
(21, 375656),
(21, 375669),
(21, 375671),
(21, 375675),
(21, 375680),
(21, 375686),
(21, 375693),
(21, 375698),
(21, 375705),
(21, 375708),
(21, 375734),
(21, 375743),
(21, 375776),
(21, 375777),
(21, 375791),
(21, 375792),
(21, 375795),
(21, 375796),
(21, 375799),
(21, 375809),
(21, 375810),
(21, 375818),
(21, 375844),
(21, 375850),
(21, 375859),
(21, 375862),
(21, 375870),
(21, 375872),
(21, 375876),
(21, 375878),
(21, 375890),
(21, 375891),
(21, 375903),
(21, 375912),
(21, 375918),
(21, 375958),
(21, 375959),
(21, 375965),
(21, 375995),
(21, 375997),
(21, 376008),
(21, 376027),
(21, 376031),
(21, 376041),
(21, 376043),
(21, 376044),
(21, 376045),
(21, 376046),
(21, 376052),
(21, 376058),
(21, 376059),
(21, 376061),
(21, 376066),
(21, 376071),
(21, 376076),
(21, 376080),
(21, 376097),
(21, 376098),
(21, 376127),
(21, 376142),
(21, 376144),
(21, 376152),
(21, 376158),
(21, 376182),
(21, 376190),
(21, 376195),
(21, 376208),
(21, 376220),
(21, 376231),
(21, 376232),
(21, 376241),
(21, 376247),
(21, 376259),
(21, 376260),
(21, 376266),
(21, 376271),
(21, 376273),
(21, 376279),
(21, 376280),
(21, 376281),
(21, 376282),
(21, 376283),
(21, 376298),
(22, 375492),
(22, 375562),
(22, 375612),
(22, 375691),
(22, 375704),
(22, 375731),
(22, 375743),
(22, 376034),
(22, 376081),
(22, 376087),
(22, 376095),
(22, 376121),
(22, 376137),
(22, 376167),
(22, 376268),
(22, 376278),
(22, 376284),
(22, 376292),
(22, 376297),
(23, 375521),
(23, 375548),
(23, 375572),
(23, 375600),
(23, 375760),
(23, 375770),
(23, 375931),
(23, 375979),
(23, 376088),
(23, 376192),
(24, 375525),
(24, 375764),
(24, 375887),
(24, 375920),
(24, 375986),
(24, 376026),
(25, 375527),
(25, 375534),
(25, 375560),
(25, 375564),
(25, 375571),
(25, 375584),
(25, 375679),
(25, 375880),
(25, 375885),
(25, 375898),
(25, 375909),
(25, 376013),
(25, 376025),
(25, 376029),
(25, 376045),
(25, 376081),
(25, 376087),
(25, 376098),
(25, 376101),
(25, 376152),
(25, 376196),
(25, 376263),
(25, 376284),
(25, 376299),
(26, 375538),
(26, 375686),
(26, 375796),
(26, 375815),
(26, 375872),
(26, 376104),
(26, 376197),
(27, 375558),
(27, 375570),
(27, 375647),
(27, 375775),
(27, 375873),
(27, 376034),
(27, 376114),
(27, 376292),
(28, 375559),
(28, 375581),
(28, 375626),
(28, 375627),
(28, 375628),
(28, 375629),
(28, 375642),
(28, 375653),
(28, 375654),
(28, 375699),
(28, 375701),
(28, 375721),
(28, 375762),
(28, 375836),
(28, 375854),
(28, 375870),
(28, 375925),
(28, 376002),
(28, 376016),
(28, 376022),
(28, 376024),
(28, 376077),
(28, 376093),
(28, 376111),
(28, 376126),
(28, 376131),
(28, 376138),
(28, 376139),
(28, 376185),
(28, 376186),
(28, 376211),
(28, 376234),
(28, 376243),
(28, 376290),
(28, 376298);

-- --------------------------------------------------------

--
-- Tabelstructuur voor tabel `movie_types`
--

CREATE TABLE `movie_types` (
  `id` int(11) NOT NULL,
  `movie_type` varchar(255) NOT NULL
) ENGINE=InnoDB DEFAULT CHARSET=utf8mb4 COLLATE=utf8mb4_general_ci;

--
-- Gegevens worden geëxporteerd voor tabel `movie_types`
--

INSERT INTO `movie_types` (`id`, `movie_type`) VALUES
(1, 'TV MiniSeries'),
(2, 'TV Series'),
(3, 'Movie'),
(4, 'Short'),
(5, 'TV Movie'),
(6, 'TV Episode'),
(7, 'TV Special'),
(8, 'Video'),
(9, 'Videogame');

-- --------------------------------------------------------

--
-- Tabelstructuur voor tabel `users`
--

CREATE TABLE `users` (
  `id` int(11) NOT NULL,
  `email` varchar(255) NOT NULL,
  `password` varchar(256) NOT NULL,
  `created_at` timestamp NOT NULL DEFAULT current_timestamp()
) ENGINE=InnoDB DEFAULT CHARSET=utf8mb4 COLLATE=utf8mb4_general_ci;

--
-- Gegevens worden geëxporteerd voor tabel `users`
--

INSERT INTO `users` (`id`, `email`, `password`, `created_at`) VALUES
(1, 'kees@stadion.nl', 'xdlkejddnvlieeiddn', '2024-06-28 11:46:31'),
(2, 'truus@stadion.nl', 'tru339200039esu33', '2024-06-28 11:46:31'),
(3, 'miep@stadion.nl', 'lkhhddj##sdkj4$', '2024-06-28 11:46:31'),
(5, 'jordysnel@outlook.com', 'outlookboss', '2024-06-28 11:46:31'),
(7, 'jordysnel@hotmail.com', 'dik', '2024-07-01 08:10:19'),
(8, 'dwayne@dik.com', 'dikkedwayne', '2024-07-01 08:29:00');

--
-- Indexen voor geëxporteerde tabellen
--

--
-- Indexen voor tabel `favorites`
--
ALTER TABLE `favorites`
  ADD PRIMARY KEY (`user_id`,`movie_id`);

--
-- Indexen voor tabel `genres`
--
ALTER TABLE `genres`
  ADD PRIMARY KEY (`id`);

--
-- Indexen voor tabel `movies`
--
ALTER TABLE `movies`
  ADD PRIMARY KEY (`id`);

--
-- Indexen voor tabel `movie_genres`
--
ALTER TABLE `movie_genres`
  ADD PRIMARY KEY (`genre_id`,`movie_id`),
  ADD KEY `movie_id` (`movie_id`);

--
-- Indexen voor tabel `movie_types`
--
ALTER TABLE `movie_types`
  ADD PRIMARY KEY (`id`);

--
-- Indexen voor tabel `users`
--
ALTER TABLE `users`
  ADD PRIMARY KEY (`id`);

--
-- AUTO_INCREMENT voor geëxporteerde tabellen
--

--
-- AUTO_INCREMENT voor een tabel `genres`
--
ALTER TABLE `genres`
  MODIFY `id` int(11) NOT NULL AUTO_INCREMENT, AUTO_INCREMENT=29;

--
-- AUTO_INCREMENT voor een tabel `movie_types`
--
ALTER TABLE `movie_types`
  MODIFY `id` int(11) NOT NULL AUTO_INCREMENT, AUTO_INCREMENT=10;

--
-- AUTO_INCREMENT voor een tabel `users`
--
ALTER TABLE `users`
  MODIFY `id` int(11) NOT NULL AUTO_INCREMENT, AUTO_INCREMENT=9;

--
-- Beperkingen voor geëxporteerde tabellen
--

--
-- Beperkingen voor tabel `favorites`
--
ALTER TABLE `favorites`
  ADD CONSTRAINT `favorites_ibfk_1` FOREIGN KEY (`user_id`) REFERENCES `users` (`id`) ON DELETE CASCADE ON UPDATE CASCADE;

--
-- Beperkingen voor tabel `genres`
--
ALTER TABLE `genres`
  ADD CONSTRAINT `fk_genres_movie_genres` FOREIGN KEY (`id`) REFERENCES `movie_genres` (`genre_id`) ON DELETE CASCADE ON UPDATE CASCADE;

--
-- Beperkingen voor tabel `movie_genres`
--
ALTER TABLE `movie_genres`
  ADD CONSTRAINT `movie_genres_ibfk_1` FOREIGN KEY (`movie_id`) REFERENCES `movies` (`id`) ON DELETE CASCADE ON UPDATE CASCADE;
COMMIT;

/*!40101 SET CHARACTER_SET_CLIENT=@OLD_CHARACTER_SET_CLIENT */;
/*!40101 SET CHARACTER_SET_RESULTS=@OLD_CHARACTER_SET_RESULTS */;
/*!40101 SET COLLATION_CONNECTION=@OLD_COLLATION_CONNECTION */;
